"","Region","Market","Month","Year","Longitude","Latitude","Unmilled Maize Price Birr.KG","Milled Maize Price Birr.KG"
"1","ADDIS","addis ababa","April","2019","38.793806","9.023748","12",NA
"2","ADDIS","addis ababa","August","2018","38.793806","9.023748","11","14"
"3","ADDIS","addis ababa","December","2018","38.793806","9.023748","10.745","14"
"4","ADDIS","addis ababa","February","2019","38.793806","9.023748","11","15"
"5","ADDIS","addis ababa","January","2019","38.793806","9.023748","10.875","14"
"6","ADDIS","addis ababa","July","2018","38.793806","9.023748","11.245","14.49"
"7","ADDIS","addis ababa","March","2019","38.793806","9.023748","10.5","15"
"8","ADDIS","addis ababa","May","2019","38.793806","9.023748","11.745","15"
"9","ADDIS","addis ababa","November","2018","38.793806","9.023748","11.22","14.49"
"10","ADDIS","addis ababa","October","2018","38.793806","9.023748","11","14"
"11","ADDIS","addis ababa","September","2018","38.793806","9.023748","10.99",NA
"12","AMHARA","Chuahit","April","2019","39.311961","10.643157","8.50","-"
"13","AMHARA","Gondar","April","2019","37.46149667","12.59878688","8.00","-"
"14","AMHARA","Esete","April","2019","37.88657423","10.92298692","9.72","-"
"15","AMHARA","Debre- Tabor ","April","2019","38.00833967","11.84769551","9.45","-"
"16","AMHARA","Kobo","April","2019","39.63127424","12.16406542","9.81","-"
"17","AMHARA","Weldiya","April","2019","39.6014117","11.82360232","11.33","-"
"18","AMHARA","Kombolcha","April","2019","39.73724188","11.07807805","10.10","-"
"19","AMHARA","Dessie","April","2019","39.63548793","11.11703902","9.39","-"
"20","AMHARA","Shewa- Robit ","April","2019","39.90269733","10.00580856","10.03","-"
"21","AMHARA","Debre-¦","April","2019","39.52890047","9.67650294","10.00","-"
"22","AMHARA","Chuahit","August","2018","39.311961","10.643157","8.00","-"
"23","AMHARA","Gondar","August","2018","37.46149667","12.59878688","8.75","-"
"24","AMHARA","Esete","August","2018","37.88657423","10.92298692","9.95","-"
"25","AMHARA","Debre- Tabor ","August","2018","38.00833967","11.84769551","9.01","-"
"26","AMHARA","Kobo","August","2018","39.63127424","12.16406542","7.97","-"
"27","AMHARA","Weldiya","August","2018","39.6014117","11.82360232","9.81","-"
"28","AMHARA","Kombolcha","August","2018","39.73724188","11.07807805","9.86","-"
"29","AMHARA","Dessie","August","2018","39.63548793","11.11703902","10.38","-"
"30","AMHARA","Shewa- Robit ","August","2018","39.90269733","10.00580856","9.40","-"
"31","AMHARA","Debre-¦","August","2018","39.52890047","9.67650294","8.50","-"
"32","AMHARA","Chuahit","December","2018","39.311961","10.643157","6.00","-"
"33","AMHARA","Gondar","December","2018","37.46149667","12.59878688","8.00","-"
"34","AMHARA","Esete","December","2018","37.88657423","10.92298692","8.15","-"
"35","AMHARA","Debre- Tabor ","December","2018","38.00833967","11.84769551","8.36","-"
"36","AMHARA","Kobo","December","2018","39.63127424","12.16406542","8.47","-"
"37","AMHARA","Weldiya","December","2018","39.6014117","11.82360232","9.82","-"
"38","AMHARA","Kombolcha","December","2018","39.73724188","11.07807805","9.39","-"
"39","AMHARA","Dessie","December","2018","39.63548793","11.11703902","8.06","-"
"40","AMHARA","Shewa- Robit ","December","2018","39.90269733","10.00580856","8.57","-"
"41","AMHARA","Debre-¦","December","2018","39.52890047","9.67650294","7.00","-"
"42","AMHARA","Chuahit","February","2019","39.311961","10.643157","6.50","-"
"43","AMHARA","Gondar","February","2019","37.46149667","12.59878688","8.00","-"
"44","AMHARA","Esete","February","2019","37.88657423","10.92298692","8.69","-"
"45","AMHARA","Debre- Tabor ","February","2019","38.00833967","11.84769551","8.01","-"
"46","AMHARA","Kobo","February","2019","39.63127424","12.16406542","6.76","-"
"47","AMHARA","Weldiya","February","2019","39.6014117","11.82360232","10.72","-"
"48","AMHARA","Kombolcha","February","2019","39.73724188","11.07807805","9.23","-"
"49","AMHARA","Dessie","February","2019","39.63548793","11.11703902","9.32","-"
"50","AMHARA","Shewa- Robit ","February","2019","39.90269733","10.00580856","9.39","-"
"51","AMHARA","Debre-¦","February","2019","39.52890047","9.67650294","8.00","-"
"52","AMHARA","Chuahit","January","2019","39.311961","10.643157","6.50","-"
"53","AMHARA","Gondar","January","2019","37.46149667","12.59878688","8.00","-"
"54","AMHARA","Esete","January","2019","37.88657423","10.92298692","8.28","-"
"55","AMHARA","Debre- Tabor ","January","2019","38.00833967","11.84769551","9.00","-"
"56","AMHARA","Kobo","January","2019","39.63127424","12.16406542","8.74","-"
"57","AMHARA","Weldiya","January","2019","39.6014117","11.82360232","9.74","-"
"58","AMHARA","Kombolcha","January","2019","39.73724188","11.07807805","9.26","-"
"59","AMHARA","Dessie","January","2019","39.63548793","11.11703902","8.94","-"
"60","AMHARA","Shewa- Robit ","January","2019","39.90269733","10.00580856","10.36","-"
"61","AMHARA","Debre-¦","January","2019","39.52890047","9.67650294","8.00","-"
"62","AMHARA","Chuahit","July","2018","39.311961","10.643157","8.50","-"
"63","AMHARA","Gondar","July","2018","37.46149667","12.59878688","8.75","-"
"64","AMHARA","Esete","July","2018","37.88657423","10.92298692","10.29","-"
"65","AMHARA","Debre- Tabor ","July","2018","38.00833967","11.84769551","8.71","-"
"66","AMHARA","Kobo","July","2018","39.63127424","12.16406542","8.11","-"
"67","AMHARA","Weldiya","July","2018","39.6014117","11.82360232","9.83","-"
"68","AMHARA","Kombolcha","July","2018","39.73724188","11.07807805","9.90","-"
"69","AMHARA","Dessie","July","2018","39.63548793","11.11703902","9.74","-"
"70","AMHARA","Shewa- Robit ","July","2018","39.90269733","10.00580856","9.20","-"
"71","AMHARA","Debre-¦","July","2018","39.52890047","9.67650294","8.00","-"
"72","AMHARA","Chuahit","March","2019","39.311961","10.643157","7.00","-"
"73","AMHARA","Gondar","March","2019","37.46149667","12.59878688","8.00","-"
"74","AMHARA","Esete","March","2019","37.88657423","10.92298692","8.26","-"
"75","AMHARA","Debre- Tabor ","March","2019","38.00833967","11.84769551","8.02","-"
"76","AMHARA","Kobo","March","2019","39.63127424","12.16406542","8.12","-"
"77","AMHARA","Weldiya","March","2019","39.6014117","11.82360232","10.46","-"
"78","AMHARA","Kombolcha","March","2019","39.73724188","11.07807805","9.29","-"
"79","AMHARA","Dessie","March","2019","39.63548793","11.11703902","9.54","-"
"80","AMHARA","Shewa- Robit ","March","2019","39.90269733","10.00580856","9.92","-"
"81","AMHARA","Debre-¦","March","2019","39.52890047","9.67650294","8.00","-"
"82","AMHARA","Chuahit","May","2019","39.311961","10.643157","8.25","-"
"83","AMHARA","Gondar","May","2019","37.46149667","12.59878688","9.00","-"
"84","AMHARA","Esete","May","2019","37.88657423","10.92298692","10.19","-"
"85","AMHARA","Debre- Tabor ","May","2019","38.00833967","11.84769551","9.57","-"
"86","AMHARA","Kobo","May","2019","39.63127424","12.16406542","10.36","-"
"87","AMHARA","Weldiya","May","2019","39.6014117","11.82360232","11.29","-"
"88","AMHARA","Kombolcha","May","2019","39.73724188","11.07807805","10.66","-"
"89","AMHARA","Dessie","May","2019","39.63548793","11.11703902","9.55","-"
"90","AMHARA","Shewa- Robit ","May","2019","39.90269733","10.00580856","11.47","-"
"91","AMHARA","Debre-¦","May","2019","39.52890047","9.67650294","9.00","-"
"92","AMHARA","Chuahit","November","2018","39.311961","10.643157","-","-"
"93","AMHARA","Gondar","November","2018","37.46149667","12.59878688","8.00","-"
"94","AMHARA","Esete","November","2018","37.88657423","10.92298692","8.50","-"
"95","AMHARA","Debre- Tabor ","November","2018","38.00833967","11.84769551","8.39","-"
"96","AMHARA","Kobo","November","2018","39.63127424","12.16406542","7.70","-"
"97","AMHARA","Weldiya","November","2018","39.6014117","11.82360232","9.16","-"
"98","AMHARA","Kombolcha","November","2018","39.73724188","11.07807805","9.30","-"
"99","AMHARA","Dessie","November","2018","39.63548793","11.11703902","8.21","-"
"100","AMHARA","Shewa- Robit ","November","2018","39.90269733","10.00580856","9.30","-"
"101","AMHARA","Debre-¦","November","2018","39.52890047","9.67650294","7.00","-"
"102","AMHARA","Chuahit","October","2018","39.311961","10.643157","8.00","-"
"103","AMHARA","Gondar","October","2018","37.46149667","12.59878688","8.00","-"
"104","AMHARA","Esete","October","2018","37.88657423","10.92298692","8.40","-"
"105","AMHARA","Debre- Tabor ","October","2018","38.00833967","11.84769551","8.73","-"
"106","AMHARA","Kobo","October","2018","39.63127424","12.16406542","8.22","-"
"107","AMHARA","Weldiya","October","2018","39.6014117","11.82360232","9.87","-"
"108","AMHARA","Kombolcha","October","2018","39.73724188","11.07807805","9.17","-"
"109","AMHARA","Dessie","October","2018","39.63548793","11.11703902","8.05","-"
"110","AMHARA","Shewa- Robit ","October","2018","39.90269733","10.00580856","8.68","-"
"111","AMHARA","Debre-¦","October","2018","39.52890047","9.67650294","8.00","-"
"112","AMHARA","Chuahit","September","2018","39.311961","10.643157","7.75","-"
"113","AMHARA","Gondar","September","2018","37.46149667","12.59878688","7.75","-"
"114","AMHARA","Esete","September","2018","37.88657423","10.92298692","10.07","-"
"115","AMHARA","Debre- Tabor ","September","2018","38.00833967","11.84769551","8.19","-"
"116","AMHARA","Kobo","September","2018","39.63127424","12.16406542","8.10","-"
"117","AMHARA","Weldiya","September","2018","39.6014117","11.82360232","9.83","-"
"118","AMHARA","Kombolcha","September","2018","39.73724188","11.07807805","9.20","-"
"119","AMHARA","Dessie","September","2018","39.63548793","11.11703902","8.54","-"
"120","AMHARA","Shewa- Robit ","September","2018","39.90269733","10.00580856","9.26","-"
"121","AMHARA","Debre-¦","September","2018","39.52890047","9.67650294","8.50","-"
"122","AMHARa","Mota","April","2019","37.8807432","11.07475582","7.50","-"
"123","AMHARa","Debre- markos ","April","2019","37.72636868","10.33641293","8.55","-"
"124","AMHARa","Dembecha","April","2019","37.48251554","10.56669266","7.29","-"
"125","AMHARa","Bahir- Dar ","April","2019","37.3815488","11.58416449","8.75","-"
"126","AMHARa","Sekota","April","2019","39.03355257","12.62479803","10.32","-"
"127","AMHARa","Amde Work ","April","2019","38.85815043","12.45920199","9.84","-"
"128","AMHARa","Danigla","April","2019","36.83153176","11.25223153","7.30","-"
"129","AMHARa","Chagni","April","2019","36.50793596","10.95196565","7.50","-"
"130","AMHARa","Kemise","April","2019","39.85696873","10.71374234","9.71","-"
"131","AMHARa","Bati","April","2019","40.0181327","11.19153266","9.94","-"
"132","AMHARa","Mota","August","2018","37.8807432","11.07475582","6.50","-"
"133","AMHARa","Debre- markos ","August","2018","37.72636868","10.33641293","8.00","-"
"134","AMHARa","Dembecha","August","2018","37.48251554","10.56669266","7.11","-"
"135","AMHARa","Bahir- Dar ","August","2018","37.3815488","11.58416449","10.95","-"
"136","AMHARa","Sekota","August","2018","39.03355257","12.62479803","8.87","-"
"137","AMHARa","Amde Work ","August","2018","38.85815043","12.45920199","10.88","-"
"138","AMHARa","Danigla","August","2018","36.83153176","11.25223153","7.00","-"
"139","AMHARa","Chagni","August","2018","36.50793596","10.95196565","6.50","-"
"140","AMHARa","Kemise","August","2018","39.85696873","10.71374234","6.81","-"
"141","AMHARa","Bati","August","2018","40.0181327","11.19153266","8.11","-"
"142","AMHARa","Mota","December","2018","37.8807432","11.07475582","6.50","-"
"143","AMHARa","Debre- markos ","December","2018","37.72636868","10.33641293","7.00","-"
"144","AMHARa","Dembecha","December","2018","37.48251554","10.56669266","7.51","-"
"145","AMHARa","Bahir- Dar ","December","2018","37.3815488","11.58416449","8.50","-"
"146","AMHARa","Sekota","December","2018","39.03355257","12.62479803","8.75","-"
"147","AMHARa","Amde Work ","December","2018","38.85815043","12.45920199","10.21","-"
"148","AMHARa","Danigla","December","2018","36.83153176","11.25223153","6.50","-"
"149","AMHARa","Chagni","December","2018","36.50793596","10.95196565","6.00","-"
"150","AMHARa","Kemise","December","2018","39.85696873","10.71374234","8.01","-"
"151","AMHARa","Bati","December","2018","40.0181327","11.19153266","8.24","-"
"152","AMHARa","Mota","February","2019","37.8807432","11.07475582","7.50","-"
"153","AMHARa","Debre- markos ","February","2019","37.72636868","10.33641293","7.00","-"
"154","AMHARa","Dembecha","February","2019","37.48251554","10.56669266","6.79","-"
"155","AMHARa","Bahir- Dar ","February","2019","37.3815488","11.58416449","8.54","-"
"156","AMHARa","Sekota","February","2019","39.03355257","12.62479803","8.82","-"
"157","AMHARa","Amde Work ","February","2019","38.85815043","12.45920199","9.80","-"
"158","AMHARa","Danigla","February","2019","36.83153176","11.25223153","6.25","-"
"159","AMHARa","Chagni","February","2019","36.50793596","10.95196565","6.50","-"
"160","AMHARa","Kemise","February","2019","39.85696873","10.71374234","8.06","-"
"161","AMHARa","Bati","February","2019","40.0181327","11.19153266","8.26","-"
"162","AMHARa","Mota","January","2019","37.8807432","11.07475582","7.50","-"
"163","AMHARa","Debre- markos ","January","2019","37.72636868","10.33641293","7.00","-"
"164","AMHARa","Dembecha","January","2019","37.48251554","10.56669266","6.79","-"
"165","AMHARa","Bahir- Dar ","January","2019","37.3815488","11.58416449","8.00","-"
"166","AMHARa","Sekota","January","2019","39.03355257","12.62479803","8.45","-"
"167","AMHARa","Amde Work ","January","2019","38.85815043","12.45920199","10.32","-"
"168","AMHARa","Danigla","January","2019","36.83153176","11.25223153","6.00","-"
"169","AMHARa","Chagni","January","2019","36.50793596","10.95196565","6.40","-"
"170","AMHARa","Kemise","January","2019","39.85696873","10.71374234","9.92","-"
"171","AMHARa","Bati","January","2019","40.0181327","11.19153266","8.24","-"
"172","AMHARa","Mota","July","2018","37.8807432","11.07475582","7.50","-"
"173","AMHARa","Debre- markos ","July","2018","37.72636868","10.33641293","8.00","-"
"174","AMHARa","Dembecha","July","2018","37.48251554","10.56669266","7.54","-"
"175","AMHARa","Bahir- Dar ","July","2018","37.3815488","11.58416449","10.00","-"
"176","AMHARa","Sekota","July","2018","39.03355257","12.62479803","8.99","-"
"177","AMHARa","Amde Work ","July","2018","38.85815043","12.45920199","-","-"
"178","AMHARa","Danigla","July","2018","36.83153176","11.25223153","7.00","-"
"179","AMHARa","Chagni","July","2018","36.50793596","10.95196565","7.75","-"
"180","AMHARa","Kemise","July","2018","39.85696873","10.71374234","9.14","-"
"181","AMHARa","Bati","July","2018","40.0181327","11.19153266","8.76","-"
"182","AMHARa","Mota","March","2019","37.8807432","11.07475582","7.50","-"
"183","AMHARa","Debre- markos ","March","2019","37.72636868","10.33641293","6.90","-"
"184","AMHARa","Dembecha","March","2019","37.48251554","10.56669266","6.25","-"
"185","AMHARa","Bahir- Dar ","March","2019","37.3815488","11.58416449","8.50","-"
"186","AMHARa","Sekota","March","2019","39.03355257","12.62479803","8.79","-"
"187","AMHARa","Amde Work ","March","2019","38.85815043","12.45920199","9.87","-"
"188","AMHARa","Danigla","March","2019","36.83153176","11.25223153","6.10","-"
"189","AMHARa","Chagni","March","2019","36.50793596","10.95196565","6.30","-"
"190","AMHARa","Kemise","March","2019","39.85696873","10.71374234","8.61","-"
"191","AMHARa","Bati","March","2019","40.0181327","11.19153266","8.28","-"
"192","AMHARa","Mota","May","2019","37.8807432","11.07475582","8.00","-"
"193","AMHARa","Debre- markos ","May","2019","37.72636868","10.33641293","8.00","-"
"194","AMHARa","Dembecha","May","2019","37.48251554","10.56669266","7.29","-"
"195","AMHARa","Bahir- Dar ","May","2019","37.3815488","11.58416449","9.49","-"
"196","AMHARa","Sekota","May","2019","39.03355257","12.62479803","10.35","-"
"197","AMHARa","Amde Work ","May","2019","38.85815043","12.45920199","9.88","-"
"198","AMHARa","Danigla","May","2019","36.83153176","11.25223153","7.20","-"
"199","AMHARa","Chagni","May","2019","36.50793596","10.95196565","7.00","-"
"200","AMHARa","Kemise","May","2019","39.85696873","10.71374234","10.34","-"
"201","AMHARa","Bati","May","2019","40.0181327","11.19153266","9.99","-"
"202","AMHARa","Mota","November","2018","37.8807432","11.07475582","7.00","-"
"203","AMHARa","Debre- markos ","November","2018","37.72636868","10.33641293","7.25","-"
"204","AMHARa","Dembecha","November","2018","37.48251554","10.56669266","6.61","-"
"205","AMHARa","Bahir- Dar ","November","2018","37.3815488","11.58416449","8.00","-"
"206","AMHARa","Sekota","November","2018","39.03355257","12.62479803","8.66","-"
"207","AMHARa","Amde Work ","November","2018","38.85815043","12.45920199","10.26","-"
"208","AMHARa","Danigla","November","2018","36.83153176","11.25223153","6.00","-"
"209","AMHARa","Chagni","November","2018","36.50793596","10.95196565","6.50","-"
"210","AMHARa","Kemise","November","2018","39.85696873","10.71374234","8.79","-"
"211","AMHARa","Bati","November","2018","40.0181327","11.19153266","8.26","-"
"212","AMHARa","Mota","October","2018","37.8807432","11.07475582","7.00","-"
"213","AMHARa","Debre- markos ","October","2018","37.72636868","10.33641293","7.55","-"
"214","AMHARa","Dembecha","October","2018","37.48251554","10.56669266","6.77","-"
"215","AMHARa","Bahir- Dar ","October","2018","37.3815488","11.58416449","8.00","-"
"216","AMHARa","Sekota","October","2018","39.03355257","12.62479803","8.59","-"
"217","AMHARa","Amde Work ","October","2018","38.85815043","12.45920199","10.21","-"
"218","AMHARa","Danigla","October","2018","36.83153176","11.25223153","6.50","-"
"219","AMHARa","Chagni","October","2018","36.50793596","10.95196565","6.40","-"
"220","AMHARa","Kemise","October","2018","39.85696873","10.71374234","8.69","-"
"221","AMHARa","Bati","October","2018","40.0181327","11.19153266","8.30","-"
"222","AMHARa","Mota","September","2018","37.8807432","11.07475582","7.00","-"
"223","AMHARa","Debre- markos ","September","2018","37.72636868","10.33641293","7.75","-"
"224","AMHARa","Dembecha","September","2018","37.48251554","10.56669266","6.42","-"
"225","AMHARa","Bahir- Dar ","September","2018","37.3815488","11.58416449","8.25","-"
"226","AMHARa","Sekota","September","2018","39.03355257","12.62479803","8.86","-"
"227","AMHARa","Amde Work ","September","2018","38.85815043","12.45920199","12.16","-"
"228","AMHARa","Danigla","September","2018","36.83153176","11.25223153","6.75","-"
"229","AMHARa","Chagni","September","2018","36.50793596","10.95196565","6.50","-"
"230","AMHARa","Kemise","September","2018","39.85696873","10.71374234","9.76","-"
"231","AMHARa","Bati","September","2018","40.0181327","11.19153266","8.14","-"
"232","GAMBELLA","Gambella","April","2019","34.58547076","8.249396585","10.00","12.00"
"233","GAMBELLA","Shebo- kire ","April","2019",NA,NA,"6.48","15.00"
"234","GAMBELLA","Meti","April","2019","7.233333333","35.31666667","7.00","8.00"
"235","GAMBELLA","Gambella","August","2018","34.58547076","8.249396585","10.00","12.00"
"236","GAMBELLA","Shebo- kire ","August","2018",NA,NA,"8.04","-"
"237","GAMBELLA","Meti","August","2018","7.233333333","35.31666667","9.00","-"
"238","GAMBELLA","Gambella","December","2018","34.58547076","8.249396585","8.00","12.00"
"239","GAMBELLA","Shebo- kire ","December","2018",NA,NA,"5.74","14.49"
"240","GAMBELLA","Meti","December","2018","7.233333333","35.31666667","6.00","8.00"
"241","GAMBELLA","Gambella","February","2019","34.58547076","8.249396585","9.49","11.49"
"242","GAMBELLA","Shebo- kire ","February","2019",NA,NA,"6.75","14.49"
"243","GAMBELLA","Meti","February","2019","7.233333333","35.31666667","6.00","7.00"
"244","GAMBELLA","Gambella","January","2019","34.58547076","8.249396585","8.49","12.00"
"245","GAMBELLA","Shebo- kire ","January","2019",NA,NA,"6.00","14.49"
"246","GAMBELLA","Meti","January","2019","7.233333333","35.31666667","5.48","7.00"
"247","GAMBELLA","Gambella","July","2018","34.58547076","8.249396585","10.49","12.00"
"248","GAMBELLA","Shebo- kire ","July","2018",NA,NA,"8.99","-"
"249","GAMBELLA","Meti","July","2018","7.233333333","35.31666667","9.00","-"
"250","GAMBELLA","Gambella","March","2019","34.58547076","8.249396585","9.49","11.75"
"251","GAMBELLA","Shebo- kire ","March","2019",NA,NA,"7.75","14.49"
"252","GAMBELLA","Meti","March","2019","7.233333333","35.31666667","7.00","8.00"
"253","GAMBELLA","Gambella","May","2019","34.58547076","8.249396585","12.49","13.25"
"254","GAMBELLA","Shebo- kire ","May","2019",NA,NA,"7.25","15.00"
"255","GAMBELLA","Meti","May","2019","7.233333333","35.31666667","8.50","9.00"
"256","GAMBELLA","Gambella","November","2018","34.58547076","8.249396585","8.49","11.49"
"257","GAMBELLA","Shebo- kire ","November","2018",NA,NA,"8.75","14.49"
"258","GAMBELLA","Meti","November","2018","7.233333333","35.31666667","6.00","8.00"
"259","GAMBELLA","Gambella","October","2018","34.58547076","8.249396585","9.49","11.49"
"260","GAMBELLA","Shebo- kire ","October","2018",NA,NA,"7.56","13.49"
"261","GAMBELLA","Meti","October","2018","7.233333333","35.31666667","5.00","7.00"
"262","GAMBELLA","Gambella","September","2018","34.58547076","8.249396585","8.00","11.49"
"263","GAMBELLA","Shebo- kire ","September","2018",NA,NA,"8.29","-"
"264","GAMBELLA","Meti","September","2018","7.233333333","35.31666667","9.00","-"
"265","OROMIYA","Ghimbi","April","2019","35.83291974","9.163103789","8.00","10.00"
"266","OROMIYA","Dembi- dolo ","April","2019","34.79748694","8.530219501","7.00","-"
"267","OROMIYA","Shambu","April","2019","37.09431432","9.569809208","8.00","-"
"268","OROMIYA","Nekemte","April","2019","36.54851971","9.09042469","7.75","11.22"
"269","OROMIYA","Bedele","April","2019","36.36017384","8.454821965","6.00","10.00"
"270","OROMIYA","Metu","April","2019","35.58726864","8.300606827","8.00","8.00"
"271","OROMIYA","Jimma","April","2019","36.84385226","7.672338798","10.00","11.00"
"272","OROMIYA","Agaro","April","2019","36.58627683","7.848002731","6.18","10.00"
"273","OROMIYA","Ambo","April","2019","37.8446066","8.976806527","8.16","-"
"274","OROMIYA","Weliso","April","2019","37.97073066","8.534178897","8.26","14.01"
"275","OROMIYA","Ejere","April","2019","39.262249","8.78288","9.03","-"
"276","OROMIYA","Fiche","April","2019","38.73344116","9.791083661","10.18","-"
"277","OROMIYA","Ghimbi","August","2018","35.83291974","9.163103789","8.00","10.00"
"278","OROMIYA","Dembi- dolo ","August","2018","34.79748694","8.530219501","6.00","-"
"279","OROMIYA","Shambu","August","2018","37.09431432","9.569809208","7.00","-"
"280","OROMIYA","Nekemte","August","2018","36.54851971","9.09042469","9.00","10.31"
"281","OROMIYA","Bedele","August","2018","36.36017384","8.454821965","7.00","12.00"
"282","OROMIYA","Metu","August","2018","35.58726864","8.300606827","8.00","10.00"
"283","OROMIYA","Jimma","August","2018","36.84385226","7.672338798","9.49","14.00"
"284","OROMIYA","Agaro","August","2018","36.58627683","7.848002731","7.06","11.49"
"285","OROMIYA","Ambo","August","2018","37.8446066","8.976806527","7.90","-"
"286","OROMIYA","Weliso","August","2018","37.97073066","8.534178897","7.73","12.17"
"287","OROMIYA","Ejere","August","2018","39.262249","8.78288","8.14","-"
"288","OROMIYA","Fiche","August","2018","38.73344116","9.791083661","7.71","-"
"289","OROMIYA","Ghimbi","December","2018","35.83291974","9.163103789","7.75","10.00"
"290","OROMIYA","Dembi- dolo ","December","2018","34.79748694","8.530219501","6.50","-"
"291","OROMIYA","Shambu","December","2018","37.09431432","9.569809208","7.00","-"
"292","OROMIYA","Nekemte","December","2018","36.54851971","9.09042469","8.00","10.62"
"293","OROMIYA","Bedele","December","2018","36.36017384","8.454821965","6.00","10.00"
"294","OROMIYA","Metu","December","2018","35.58726864","8.300606827","8.00","10.00"
"295","OROMIYA","Jimma","December","2018","36.84385226","7.672338798","8.49","10.00"
"296","OROMIYA","Agaro","December","2018","36.58627683","7.848002731","6.47","10.00"
"297","OROMIYA","Ambo","December","2018","37.8446066","8.976806527","7.04","-"
"298","OROMIYA","Weliso","December","2018","37.97073066","8.534178897","6.72","8.85"
"299","OROMIYA","Ejere","December","2018","39.262249","8.78288","7.59","-"
"300","OROMIYA","Fiche","December","2018","38.73344116","9.791083661","7.64","-"
"301","OROMIYA","Ghimbi","February","2019","35.83291974","9.163103789","7.75","10.00"
"302","OROMIYA","Dembi- dolo ","February","2019","34.79748694","8.530219501","6.00","-"
"303","OROMIYA","Shambu","February","2019","37.09431432","9.569809208","7.00","-"
"304","OROMIYA","Nekemte","February","2019","36.54851971","9.09042469","7.00","9.67"
"305","OROMIYA","Bedele","February","2019","36.36017384","8.454821965","5.50","10.00"
"306","OROMIYA","Metu","February","2019","35.58726864","8.300606827","7.75","10.00"
"307","OROMIYA","Jimma","February","2019","36.84385226","7.672338798","10.00","11.00"
"308","OROMIYA","Agaro","February","2019","36.58627683","7.848002731","6.18","9.49"
"309","OROMIYA","Ambo","February","2019","37.8446066","8.976806527","7.22","-"
"310","OROMIYA","Weliso","February","2019","37.97073066","8.534178897","6.61","10.62"
"311","OROMIYA","Ejere","February","2019","39.262249","8.78288","7.77","-"
"312","OROMIYA","Fiche","February","2019","38.73344116","9.791083661","7.71","-"
"313","OROMIYA","Ghimbi","January","2019","35.83291974","9.163103789","7.75","10.00"
"314","OROMIYA","Dembi- dolo ","January","2019","34.79748694","8.530219501","5.00","-"
"315","OROMIYA","Shambu","January","2019","37.09431432","9.569809208","7.00","-"
"316","OROMIYA","Nekemte","January","2019","36.54851971","9.09042469","7.25","9.92"
"317","OROMIYA","Bedele","January","2019","36.36017384","8.454821965","6.00","10.00"
"318","OROMIYA","Metu","January","2019","35.58726864","8.300606827","8.00","10.00"
"319","OROMIYA","Jimma","January","2019","36.84385226","7.672338798","8.00","10.00"
"320","OROMIYA","Agaro","January","2019","36.58627683","7.848002731","6.18","10.00"
"321","OROMIYA","Ambo","January","2019","37.8446066","8.976806527","7.76","-"
"322","OROMIYA","Weliso","January","2019","37.97073066","8.534178897","6.72","8.93"
"323","OROMIYA","Ejere","January","2019","39.262249","8.78288","7.59","-"
"324","OROMIYA","Fiche","January","2019","38.73344116","9.791083661","8.16","-"
"325","OROMIYA","Ghimbi","July","2018","35.83291974","9.163103789","8.00","10.00"
"326","OROMIYA","Dembi- dolo ","July","2018","34.79748694","8.530219501","6.00","-"
"327","OROMIYA","Shambu","July","2018","37.09431432","9.569809208","7.00","-"
"328","OROMIYA","Nekemte","July","2018","36.54851971","9.09042469","7.75","10.55"
"329","OROMIYA","Bedele","July","2018","36.36017384","8.454821965","6.00","10.00"
"330","OROMIYA","Metu","July","2018","35.58726864","8.300606827","7.48","11.49"
"331","OROMIYA","Jimma","July","2018","36.84385226","7.672338798","10.00","11.00"
"332","OROMIYA","Agaro","July","2018","36.58627683","7.848002731","7.06","12.00"
"333","OROMIYA","Ambo","July","2018","37.8446066","8.976806527","7.63","-"
"334","OROMIYA","Weliso","July","2018","37.97073066","8.534178897","7.86","12.39"
"335","OROMIYA","Ejere","July","2018","39.262249","8.78288","8.16","-"
"336","OROMIYA","Fiche","July","2018","38.73344116","9.791083661","9.27","-"
"337","OROMIYA","Ghimbi","March","2019","35.83291974","9.163103789","7.75","10.00"
"338","OROMIYA","Dembi- dolo ","March","2019","34.79748694","8.530219501","5.00","-"
"339","OROMIYA","Shambu","March","2019","37.09431432","9.569809208","6.50","-"
"340","OROMIYA","Nekemte","March","2019","36.54851971","9.09042469","7.50","9.16"
"341","OROMIYA","Bedele","March","2019","36.36017384","8.454821965","6.00","10.00"
"342","OROMIYA","Metu","March","2019","35.58726864","8.300606827","6.00","8.00"
"343","OROMIYA","Jimma","March","2019","36.84385226","7.672338798","9.00","10.00"
"344","OROMIYA","Agaro","March","2019","36.58627683","7.848002731","6.18","10.00"
"345","OROMIYA","Ambo","March","2019","37.8446066","8.976806527","7.14","-"
"346","OROMIYA","Weliso","March","2019","37.97073066","8.534178897","6.56","8.85"
"347","OROMIYA","Ejere","March","2019","39.262249","8.78288","7.65","-"
"348","OROMIYA","Fiche","March","2019","38.73344116","9.791083661","7.72","-"
"349","OROMIYA","Ghimbi","May","2019","35.83291974","9.163103789","8.25","10.00"
"350","OROMIYA","Dembi- dolo ","May","2019","34.79748694","8.530219501","8.00","-"
"351","OROMIYA","Shambu","May","2019","37.09431432","9.569809208","8.00","-"
"352","OROMIYA","Nekemte","May","2019","36.54851971","9.09042469","8.00","10.79"
"353","OROMIYA","Bedele","May","2019","36.36017384","8.454821965","7.00","10.00"
"354","OROMIYA","Metu","May","2019","35.58726864","8.300606827","8.00","10.00"
"355","OROMIYA","Jimma","May","2019","36.84385226","7.672338798","10.00","11.00"
"356","OROMIYA","Agaro","May","2019","36.58627683","7.848002731","7.67","10.00"
"357","OROMIYA","Ambo","May","2019","37.8446066","8.976806527","8.13","-"
"358","OROMIYA","Weliso","May","2019","37.97073066","8.534178897","8.13","12.50"
"359","OROMIYA","Ejere","May","2019","39.262249","8.78288","9.35","-"
"360","OROMIYA","Fiche","May","2019","38.73344116","9.791083661","9.83","-"
"361","OROMIYA","Ghimbi","November","2018","35.83291974","9.163103789","7.75","10.00"
"362","OROMIYA","Dembi- dolo ","November","2018","34.79748694","8.530219501","7.00","-"
"363","OROMIYA","Shambu","November","2018","37.09431432","9.569809208","7.00","-"
"364","OROMIYA","Nekemte","November","2018","36.54851971","9.09042469","8.00","9.96"
"365","OROMIYA","Bedele","November","2018","36.36017384","8.454821965","6.00","10.00"
"366","OROMIYA","Metu","November","2018","35.58726864","8.300606827","7.00","10.00"
"367","OROMIYA","Jimma","November","2018","36.84385226","7.672338798","8.00","10.00"
"368","OROMIYA","Agaro","November","2018","36.58627683","7.848002731","7.06","10.49"
"369","OROMIYA","Ambo","November","2018","37.8446066","8.976806527","7.63","-"
"370","OROMIYA","Weliso","November","2018","37.97073066","8.534178897","7.02","10.87"
"371","OROMIYA","Ejere","November","2018","39.262249","8.78288","7.56","-"
"372","OROMIYA","Fiche","November","2018","38.73344116","9.791083661","7.69","-"
"373","OROMIYA","Ghimbi","October","2018","35.83291974","9.163103789","8.00","10.00"
"374","OROMIYA","Dembi- dolo ","October","2018","34.79748694","8.530219501","7.50","-"
"375","OROMIYA","Shambu","October","2018","37.09431432","9.569809208","6.00","-"
"376","OROMIYA","Nekemte","October","2018","36.54851971","9.09042469","8.00","10.41"
"377","OROMIYA","Bedele","October","2018","36.36017384","8.454821965","7.00","-"
"378","OROMIYA","Metu","October","2018","35.58726864","8.300606827","7.00","10.00"
"379","OROMIYA","Jimma","October","2018","36.84385226","7.672338798","9.49","12.00"
"380","OROMIYA","Agaro","October","2018","36.58627683","7.848002731","7.00","9.49"
"381","OROMIYA","Ambo","October","2018","37.8446066","8.976806527","7.57","-"
"382","OROMIYA","Weliso","October","2018","37.97073066","8.534178897","6.78","12.17"
"383","OROMIYA","Ejere","October","2018","39.262249","8.78288","7.79","-"
"384","OROMIYA","Fiche","October","2018","38.73344116","9.791083661","7.64","-"
"385","OROMIYA","Ghimbi","September","2018","35.83291974","9.163103789","7.75","10.00"
"386","OROMIYA","Dembi- dolo ","September","2018","34.79748694","8.530219501","7.00","-"
"387","OROMIYA","Shambu","September","2018","37.09431432","9.569809208","7.00","-"
"388","OROMIYA","Nekemte","September","2018","36.54851971","9.09042469","7.00","10.37"
"389","OROMIYA","Bedele","September","2018","36.36017384","8.454821965","7.00","10.00"
"390","OROMIYA","Metu","September","2018","35.58726864","8.300606827","8.00","10.00"
"391","OROMIYA","Jimma","September","2018","36.84385226","7.672338798","9.00","13.00"
"392","OROMIYA","Agaro","September","2018","36.58627683","7.848002731","7.06","14.49"
"393","OROMIYA","Ambo","September","2018","37.8446066","8.976806527","7.63","-"
"394","OROMIYA","Weliso","September","2018","37.97073066","8.534178897","7.59","13.21"
"395","OROMIYA","Ejere","September","2018","39.262249","8.78288","7.94","-"
"396","OROMIYA","Fiche","September","2018","38.73344116","9.791083661","7.66","-"
"397","OROMIYA","Adama","April","2019","39.26941988","8.535362997","10.00","14.00"
"398","OROMIYA","Shashe- mene ","April","2019","38.608142","7.205388","10.00","-"
"399","OROMIYA","Diksise","April","2019","39.55824","8.059179","-","-"
"400","OROMIYA","Asella","April","2019","39.12972322","7.949589951","10.00","15.00"
"401","OROMIYA","Asebe- Teferi ","April","2019","40.86319806","9.072493603","10.00","12.00"
"402","OROMIYA","Bedessa","April","2019","40.77378712","8.902011546","8.50","13.00"
"403","OROMIYA","Haromaya","April","2019","42.01641123","9.379383214","10.00","12.00"
"404","OROMIYA","Boreda","April","2019","41.278686","9.331067","9.49","-"
"405","OROMIYA","Adaba","April","2019","39.3890878","7.004454253","8.62","14.49"
"406","OROMIYA","Robe","April","2019","39.631104","7.860619","8.56","13.00"
"407","OROMIYA","Hagere- Mariam ","April","2019","38.23373735","5.63380625","10.49","12.00"
"408","OROMIYA","Negele- Borena ","April","2019","39.577385","5.33699","8.75","12.49"
"409","OROMIYA","Adama","August","2018","39.26941988","8.535362997","10.00","13.49"
"410","OROMIYA","Shashe- mene ","August","2018","38.608142","7.205388","9.00","12.00"
"411","OROMIYA","Diksise","August","2018","39.55824","8.059179","10.00","-"
"412","OROMIYA","Asella","August","2018","39.12972322","7.949589951","9.00","14.00"
"413","OROMIYA","Asebe- Teferi ","August","2018","40.86319806","9.072493603","8.00","12.00"
"414","OROMIYA","Bedessa","August","2018","40.77378712","8.902011546","8.00","13.00"
"415","OROMIYA","Haromaya","August","2018","42.01641123","9.379383214","10.00","12.00"
"416","OROMIYA","Boreda","August","2018","41.278686","9.331067","10.00","-"
"417","OROMIYA","Adaba","August","2018","39.3890878","7.004454253","8.15","15.00"
"418","OROMIYA","Robe","August","2018","39.631104","7.860619","9.09","16.49"
"419","OROMIYA","Hagere- Mariam ","August","2018","38.23373735","5.63380625","8.00","9.00"
"420","OROMIYA","Negele- Borena ","August","2018","39.577385","5.33699","7.00","12.49"
"421","OROMIYA","Adama","December","2018","39.26941988","8.535362997","8.49","12.49"
"422","OROMIYA","Shashe- mene ","December","2018","38.608142","7.205388","8.00","-"
"423","OROMIYA","Diksise","December","2018","39.55824","8.059179","8.75","-"
"424","OROMIYA","Asella","December","2018","39.12972322","7.949589951","9.00","14.49"
"425","OROMIYA","Asebe- Teferi ","December","2018","40.86319806","9.072493603","8.00","11.49"
"426","OROMIYA","Bedessa","December","2018","40.77378712","8.902011546","7.10","12.00"
"427","OROMIYA","Haromaya","December","2018","42.01641123","9.379383214","8.00","11.49"
"428","OROMIYA","Boreda","December","2018","41.278686","9.331067","9.00","-"
"429","OROMIYA","Adaba","December","2018","39.3890878","7.004454253","8.32","15.00"
"430","OROMIYA","Robe","December","2018","39.631104","7.860619","8.30","14.49"
"431","OROMIYA","Hagere- Mariam ","December","2018","38.23373735","5.63380625","8.49","9.49"
"432","OROMIYA","Negele- Borena ","December","2018","39.577385","5.33699","7.75","13.00"
"433","OROMIYA","Adama","February","2019","39.26941988","8.535362997","8.49","12.00"
"434","OROMIYA","Shashe- mene ","February","2019","38.608142","7.205388","8.00","-"
"435","OROMIYA","Diksise","February","2019","39.55824","8.059179","11.11","-"
"436","OROMIYA","Asella","February","2019","39.12972322","7.949589951","9.00","14.49"
"437","OROMIYA","Asebe- Teferi ","February","2019","40.86319806","9.072493603","8.49","11.49"
"438","OROMIYA","Bedessa","February","2019","40.77378712","8.902011546","7.35","12.00"
"439","OROMIYA","Haromaya","February","2019","42.01641123","9.379383214","8.49","12.00"
"440","OROMIYA","Boreda","February","2019","41.278686","9.331067","8.49","-"
"441","OROMIYA","Adaba","February","2019","39.3890878","7.004454253","7.04","13.00"
"442","OROMIYA","Robe","February","2019","39.631104","7.860619","8.89","12.00"
"443","OROMIYA","Hagere- Mariam ","February","2019","38.23373735","5.63380625","9.49","10.49"
"444","OROMIYA","Negele- Borena ","February","2019","39.577385","5.33699","7.50","12.49"
"445","OROMIYA","Adama","January","2019","39.26941988","8.535362997","8.49","12.49"
"446","OROMIYA","Shashe- mene ","January","2019","38.608142","7.205388","8.00","-"
"447","OROMIYA","Diksise","January","2019","39.55824","8.059179","10.23","-"
"448","OROMIYA","Asella","January","2019","39.12972322","7.949589951","9.00","14.00"
"449","OROMIYA","Asebe- Teferi ","January","2019","40.86319806","9.072493603","8.00","10.49"
"450","OROMIYA","Bedessa","January","2019","40.77378712","8.902011546","5.74","11.00"
"451","OROMIYA","Haromaya","January","2019","42.01641123","9.379383214","9.00","11.49"
"452","OROMIYA","Boreda","January","2019","41.278686","9.331067","8.00","-"
"453","OROMIYA","Adaba","January","2019","39.3890878","7.004454253","8.62","15.00"
"454","OROMIYA","Robe","January","2019","39.631104","7.860619","8.89","14.49"
"455","OROMIYA","Hagere- Mariam ","January","2019","38.23373735","5.63380625","9.00","10.00"
"456","OROMIYA","Negele- Borena ","January","2019","39.577385","5.33699","7.48","12.49"
"457","OROMIYA","Adama","July","2018","39.26941988","8.535362997","9.75","12.96"
"458","OROMIYA","Shashe- mene ","July","2018","38.608142","7.205388","9.00","12.00"
"459","OROMIYA","Diksise","July","2018","39.55824","8.059179","10.00","-"
"460","OROMIYA","Asella","July","2018","39.12972322","7.949589951","9.48","14.00"
"461","OROMIYA","Asebe- Teferi ","July","2018","40.86319806","9.072493603","8.00","10.00"
"462","OROMIYA","Bedessa","July","2018","40.77378712","8.902011546","8.00","12.49"
"463","OROMIYA","Haromaya","July","2018","42.01641123","9.379383214","10.00","12.00"
"464","OROMIYA","Boreda","July","2018","41.278686","9.331067","9.49","-"
"465","OROMIYA","Adaba","July","2018","39.3890878","7.004454253","9.09","15.00"
"466","OROMIYA","Robe","July","2018","39.631104","7.860619","7.75","14.00"
"467","OROMIYA","Hagere- Mariam ","July","2018","38.23373735","5.63380625","8.00","9.00"
"468","OROMIYA","Negele- Borena ","July","2018","39.577385","5.33699","7.00","14.00"
"469","OROMIYA","Adama","March","2019","39.26941988","8.535362997","9.00","12.00"
"470","OROMIYA","Shashe- mene ","March","2019","38.608142","7.205388","8.49","-"
"471","OROMIYA","Diksise","March","2019","39.55824","8.059179","8.99","-"
"472","OROMIYA","Asella","March","2019","39.12972322","7.949589951","8.25","14.00"
"473","OROMIYA","Asebe- Teferi ","March","2019","40.86319806","9.072493603","9.00","12.00"
"474","OROMIYA","Bedessa","March","2019","40.77378712","8.902011546","7.85","12.00"
"475","OROMIYA","Haromaya","March","2019","42.01641123","9.379383214","9.00","12.00"
"476","OROMIYA","Boreda","March","2019","41.278686","9.331067","9.00","-"
"477","OROMIYA","Adaba","March","2019","39.3890878","7.004454253","7.34","14.49"
"478","OROMIYA","Robe","March","2019","39.631104","7.860619","8.54","12.00"
"479","OROMIYA","Hagere- Mariam ","March","2019","38.23373735","5.63380625","10.00","11.49"
"480","OROMIYA","Negele- Borena ","March","2019","39.577385","5.33699","8.00","12.49"
"481","OROMIYA","Adama","May","2019","39.26941988","8.535362997","10.00","13.49"
"482","OROMIYA","Shashe- mene ","May","2019","38.608142","7.205388","10.00","-"
"483","OROMIYA","Diksise","May","2019","39.55824","8.059179","11.11","-"
"484","OROMIYA","Asella","May","2019","39.12972322","7.949589951","10.49","15.00"
"485","OROMIYA","Asebe- Teferi ","May","2019","40.86319806","9.072493603","10.49","12.00"
"486","OROMIYA","Bedessa","May","2019","40.77378712","8.902011546","9.25","13.00"
"487","OROMIYA","Haromaya","May","2019","42.01641123","9.379383214","9.00","12.00"
"488","OROMIYA","Boreda","May","2019","41.278686","9.331067","9.00","-"
"489","OROMIYA","Adaba","May","2019","39.3890878","7.004454253","8.62","14.49"
"490","OROMIYA","Robe","May","2019","39.631104","7.860619","9.91","14.49"
"491","OROMIYA","Hagere- Mariam ","May","2019","38.23373735","5.63380625","10.00","12.50"
"492","OROMIYA","Negele- Borena ","May","2019","39.577385","5.33699","9.00","14.00"
"493","OROMIYA","Adama","November","2018","39.26941988","8.535362997","8.49","13.49"
"494","OROMIYA","Shashe- mene ","November","2018","38.608142","7.205388","8.00","-"
"495","OROMIYA","Diksise","November","2018","39.55824","8.059179","8.46","-"
"496","OROMIYA","Asella","November","2018","39.12972322","7.949589951","9.00","14.49"
"497","OROMIYA","Asebe- Teferi ","November","2018","40.86319806","9.072493603","8.00","12.00"
"498","OROMIYA","Bedessa","November","2018","40.77378712","8.902011546","8.00","12.49"
"499","OROMIYA","Haromaya","November","2018","42.01641123","9.379383214","8.00","11.49"
"500","OROMIYA","Boreda","November","2018","41.278686","9.331067","8.00","-"
"501","OROMIYA","Adaba","November","2018","39.3890878","7.004454253","6.86","15.00"
"502","OROMIYA","Robe","November","2018","39.631104","7.860619","7.52","15.00"
"503","OROMIYA","Hagere- Mariam ","November","2018","38.23373735","5.63380625","7.00","8.00"
"504","OROMIYA","Negele- Borena ","November","2018","39.577385","5.33699","7.00","13.49"
"505","OROMIYA","Adama","October","2018","39.26941988","8.535362997","8.49","13.49"
"506","OROMIYA","Shashe- mene ","October","2018","38.608142","7.205388","8.75","-"
"507","OROMIYA","Diksise","October","2018","39.55824","8.059179","10.00","-"
"508","OROMIYA","Asella","October","2018","39.12972322","7.949589951","9.00","14.49"
"509","OROMIYA","Asebe- Teferi ","October","2018","40.86319806","9.072493603","8.25","10.49"
"510","OROMIYA","Bedessa","October","2018","40.77378712","8.902011546","7.75","12.00"
"511","OROMIYA","Haromaya","October","2018","42.01641123","9.379383214","10.00","12.00"
"512","OROMIYA","Boreda","October","2018","41.278686","9.331067","10.00","-"
"513","OROMIYA","Adaba","October","2018","39.3890878","7.004454253","6.96","14.49"
"514","OROMIYA","Robe","October","2018","39.631104","7.860619","7.66","14.00"
"515","OROMIYA","Hagere- Mariam ","October","2018","38.23373735","5.63380625","8.00","9.00"
"516","OROMIYA","Negele- Borena ","October","2018","39.577385","5.33699","6.00","13.49"
"517","OROMIYA","Adama","September","2018","39.26941988","8.535362997","9.49","13.49"
"518","OROMIYA","Shashe- mene ","September","2018","38.608142","7.205388","8.49","-"
"519","OROMIYA","Diksise","September","2018","39.55824","8.059179","9.88","-"
"520","OROMIYA","Asella","September","2018","39.12972322","7.949589951","8.49","14.00"
"521","OROMIYA","Asebe- Teferi ","September","2018","40.86319806","9.072493603","8.49","11.49"
"522","OROMIYA","Bedessa","September","2018","40.77378712","8.902011546","8.00","12.00"
"523","OROMIYA","Haromaya","September","2018","42.01641123","9.379383214","10.00","12.00"
"524","OROMIYA","Boreda","September","2018","41.278686","9.331067","9.49","-"
"525","OROMIYA","Adaba","September","2018","39.3890878","7.004454253","8.71","13.00"
"526","OROMIYA","Robe","September","2018","39.631104","7.860619","8.97","13.49"
"527","OROMIYA","Hagere- Mariam ","September","2018","38.23373735","5.63380625","8.00","9.00"
"528","OROMIYA","Negele- Borena ","September","2018","39.577385","5.33699","6.00","12.49"
"529","SNNP","Welikite","April","2019","37.77266735","8.27732366",NA,NA
"530","SNNP","Butajira","April","2019","38.42140499","8.173264069",NA,NA
"531","SNNP","Hosahna","April","2019","37.84747123","7.538579317",NA,NA
"532","SNNP","Shone","April","2019","37.94869425","7.134857075",NA,NA
"533","SNNP","Doyugena","April","2019","37.78333","7.33333",NA,NA
"534","SNNP","Alaba","April","2019","38.086143","7.311546",NA,NA
"535","SNNP","Awasa","April","2019","38.474819","7.058624",NA,NA
"536","SNNP","Hagere- Selam ","April","2019","38.51921184","6.513880636",NA,NA
"537","SNNP","Dilla","April","2019","38.30745962","6.410516676",NA,NA
"538","SNNP","Yirega-¦ chefie ","April","2019","38.1988827","6.16095383",NA,NA
"539","SNNP","Welikite","August","2018","37.77266735","8.27732366",NA,NA
"540","SNNP","Butajira","August","2018","38.42140499","8.173264069",NA,NA
"541","SNNP","Hosahna","August","2018","37.84747123","7.538579317",NA,NA
"542","SNNP","Shone","August","2018","37.94869425","7.134857075",NA,NA
"543","SNNP","Doyugena","August","2018","37.78333","7.33333",NA,NA
"544","SNNP","Alaba","August","2018","38.086143","7.311546",NA,NA
"545","SNNP","Awasa","August","2018","38.474819","7.058624",NA,NA
"546","SNNP","Hagere- Selam ","August","2018","38.51921184","6.513880636",NA,NA
"547","SNNP","Dilla","August","2018","38.30745962","6.410516676",NA,NA
"548","SNNP","Yirega-¦ chefie ","August","2018","38.1988827","6.16095383",NA,NA
"549","SNNP","Welikite","December","2018","37.77266735","8.27732366",NA,NA
"550","SNNP","Butajira","December","2018","38.42140499","8.173264069",NA,NA
"551","SNNP","Hosahna","December","2018","37.84747123","7.538579317",NA,NA
"552","SNNP","Shone","December","2018","37.94869425","7.134857075",NA,NA
"553","SNNP","Doyugena","December","2018","37.78333","7.33333",NA,NA
"554","SNNP","Alaba","December","2018","38.086143","7.311546",NA,NA
"555","SNNP","Awasa","December","2018","38.474819","7.058624",NA,NA
"556","SNNP","Hagere- Selam ","December","2018","38.51921184","6.513880636",NA,NA
"557","SNNP","Dilla","December","2018","38.30745962","6.410516676",NA,NA
"558","SNNP","Yirega-¦ chefie ","December","2018","38.1988827","6.16095383",NA,NA
"559","SNNP","Welikite","February","2019","37.77266735","8.27732366",NA,NA
"560","SNNP","Butajira","February","2019","38.42140499","8.173264069",NA,NA
"561","SNNP","Hosahna","February","2019","37.84747123","7.538579317",NA,NA
"562","SNNP","Shone","February","2019","37.94869425","7.134857075",NA,NA
"563","SNNP","Doyugena","February","2019","37.78333","7.33333",NA,NA
"564","SNNP","Alaba","February","2019","38.086143","7.311546",NA,NA
"565","SNNP","Awasa","February","2019","38.474819","7.058624",NA,NA
"566","SNNP","Hagere- Selam ","February","2019","38.51921184","6.513880636",NA,NA
"567","SNNP","Dilla","February","2019","38.30745962","6.410516676",NA,NA
"568","SNNP","Yirega-¦ chefie ","February","2019","38.1988827","6.16095383",NA,NA
"569","SNNP","Welikite","January","2019","37.77266735","8.27732366",NA,NA
"570","SNNP","Butajira","January","2019","38.42140499","8.173264069",NA,NA
"571","SNNP","Hosahna","January","2019","37.84747123","7.538579317",NA,NA
"572","SNNP","Shone","January","2019","37.94869425","7.134857075",NA,NA
"573","SNNP","Doyugena","January","2019","37.78333","7.33333",NA,NA
"574","SNNP","Alaba","January","2019","38.086143","7.311546",NA,NA
"575","SNNP","Awasa","January","2019","38.474819","7.058624",NA,NA
"576","SNNP","Hagere- Selam ","January","2019","38.51921184","6.513880636",NA,NA
"577","SNNP","Dilla","January","2019","38.30745962","6.410516676",NA,NA
"578","SNNP","Yirega-¦ chefie ","January","2019","38.1988827","6.16095383",NA,NA
"579","SNNP","Welikite","July","2018","37.77266735","8.27732366",NA,NA
"580","SNNP","Butajira","July","2018","38.42140499","8.173264069",NA,NA
"581","SNNP","Hosahna","July","2018","37.84747123","7.538579317",NA,NA
"582","SNNP","Shone","July","2018","37.94869425","7.134857075",NA,NA
"583","SNNP","Doyugena","July","2018","37.78333","7.33333",NA,NA
"584","SNNP","Alaba","July","2018","38.086143","7.311546",NA,NA
"585","SNNP","Awasa","July","2018","38.474819","7.058624",NA,NA
"586","SNNP","Hagere- Selam ","July","2018","38.51921184","6.513880636",NA,NA
"587","SNNP","Dilla","July","2018","38.30745962","6.410516676",NA,NA
"588","SNNP","Yirega-¦ chefie ","July","2018","38.1988827","6.16095383",NA,NA
"589","SNNP","Welikite","March","2019","37.77266735","8.27732366",NA,NA
"590","SNNP","Butajira","March","2019","38.42140499","8.173264069",NA,NA
"591","SNNP","Hosahna","March","2019","37.84747123","7.538579317",NA,NA
"592","SNNP","Shone","March","2019","37.94869425","7.134857075",NA,NA
"593","SNNP","Doyugena","March","2019","37.78333","7.33333",NA,NA
"594","SNNP","Alaba","March","2019","38.086143","7.311546",NA,NA
"595","SNNP","Awasa","March","2019","38.474819","7.058624",NA,NA
"596","SNNP","Hagere- Selam ","March","2019","38.51921184","6.513880636",NA,NA
"597","SNNP","Dilla","March","2019","38.30745962","6.410516676",NA,NA
"598","SNNP","Yirega-¦ chefie ","March","2019","38.1988827","6.16095383",NA,NA
"599","SNNP","Welikite","May","2019","37.77266735","8.27732366",NA,NA
"600","SNNP","Butajira","May","2019","38.42140499","8.173264069",NA,NA
"601","SNNP","Hosahna","May","2019","37.84747123","7.538579317",NA,NA
"602","SNNP","Shone","May","2019","37.94869425","7.134857075",NA,NA
"603","SNNP","Doyugena","May","2019","37.78333","7.33333",NA,NA
"604","SNNP","Alaba","May","2019","38.086143","7.311546",NA,NA
"605","SNNP","Awasa","May","2019","38.474819","7.058624",NA,NA
"606","SNNP","Hagere- Selam ","May","2019","38.51921184","6.513880636",NA,NA
"607","SNNP","Dilla","May","2019","38.30745962","6.410516676",NA,NA
"608","SNNP","Yirega-¦ chefie ","May","2019","38.1988827","6.16095383",NA,NA
"609","SNNP","Welikite","November","2018","37.77266735","8.27732366",NA,NA
"610","SNNP","Butajira","November","2018","38.42140499","8.173264069",NA,NA
"611","SNNP","Hosahna","November","2018","37.84747123","7.538579317",NA,NA
"612","SNNP","Shone","November","2018","37.94869425","7.134857075",NA,NA
"613","SNNP","Doyugena","November","2018","37.78333","7.33333",NA,NA
"614","SNNP","Alaba","November","2018","38.086143","7.311546",NA,NA
"615","SNNP","Awasa","November","2018","38.474819","7.058624",NA,NA
"616","SNNP","Hagere- Selam ","November","2018","38.51921184","6.513880636",NA,NA
"617","SNNP","Dilla","November","2018","38.30745962","6.410516676",NA,NA
"618","SNNP","Yirega-¦ chefie ","November","2018","38.1988827","6.16095383",NA,NA
"619","SNNP","Welikite","October","2018","37.77266735","8.27732366",NA,NA
"620","SNNP","Butajira","October","2018","38.42140499","8.173264069",NA,NA
"621","SNNP","Hosahna","October","2018","37.84747123","7.538579317",NA,NA
"622","SNNP","Shone","October","2018","37.94869425","7.134857075",NA,NA
"623","SNNP","Doyugena","October","2018","37.78333","7.33333",NA,NA
"624","SNNP","Alaba","October","2018","38.086143","7.311546",NA,NA
"625","SNNP","Awasa","October","2018","38.474819","7.058624",NA,NA
"626","SNNP","Hagere- Selam ","October","2018","38.51921184","6.513880636",NA,NA
"627","SNNP","Dilla","October","2018","38.30745962","6.410516676",NA,NA
"628","SNNP","Yirega-¦ chefie ","October","2018","38.1988827","6.16095383",NA,NA
"629","SNNP","Welikite","September","2018","37.77266735","8.27732366",NA,NA
"630","SNNP","Butajira","September","2018","38.42140499","8.173264069",NA,NA
"631","SNNP","Hosahna","September","2018","37.84747123","7.538579317",NA,NA
"632","SNNP","Shone","September","2018","37.94869425","7.134857075",NA,NA
"633","SNNP","Doyugena","September","2018","37.78333","7.33333",NA,NA
"634","SNNP","Alaba","September","2018","38.086143","7.311546",NA,NA
"635","SNNP","Awasa","September","2018","38.474819","7.058624",NA,NA
"636","SNNP","Hagere- Selam ","September","2018","38.51921184","6.513880636",NA,NA
"637","SNNP","Dilla","September","2018","38.30745962","6.410516676",NA,NA
"638","SNNP","Yirega-¦ chefie ","September","2018","38.1988827","6.16095383",NA,NA
"639","SNNP","Welikite","April","2019","37.77266735","8.27732366","8.00","10.23"
"640","SNNP","Butajira","April","2019","38.42140499","8.173264069","7.50","11.00"
"641","SNNP","Hosahna","April","2019","37.84747123","7.538579317","8.00","10.00"
"642","SNNP","Shone","April","2019","37.94869425","7.134857075","9.00","11.65"
"643","SNNP","Doyugena","April","2019","37.78333","7.33333","8.50","9.46"
"644","SNNP","Alaba","April","2019","38.086143","7.311546","9.00","10.00"
"645","SNNP","Awasa","April","2019","38.474819","7.058624","10.00","13.00"
"646","SNNP","Hagere- Selam ","April","2019","38.51921184","6.513880636","8.89","10.00"
"647","SNNP","Dilla","April","2019","38.30745962","6.410516676","8.00","9.00"
"648","SNNP","Yirega-¦ chefie ","April","2019","38.1988827","6.16095383","8.87","9.87"
"649","SNNP","Welikite","August","2018","37.77266735","8.27732366","7.00","14.22"
"650","SNNP","Butajira","August","2018","38.42140499","8.173264069","8.00","10.00"
"651","SNNP","Hosahna","August","2018","37.84747123","7.538579317","8.00","12.20"
"652","SNNP","Shone","August","2018","37.94869425","7.134857075","7.15","10.75"
"653","SNNP","Doyugena","August","2018","37.78333","7.33333","8.00","10.63"
"654","SNNP","Alaba","August","2018","38.086143","7.311546","7.00","10.00"
"655","SNNP","Awasa","August","2018","38.474819","7.058624","9.00","13.49"
"656","SNNP","Hagere- Selam ","August","2018","38.51921184","6.513880636","7.35","9.49"
"657","SNNP","Dilla","August","2018","38.30745962","6.410516676","7.00","8.72"
"658","SNNP","Yirega-¦ chefie ","August","2018","38.1988827","6.16095383","8.00","9.00"
"659","SNNP","Welikite","December","2018","37.77266735","8.27732366","6.65","10.37"
"660","SNNP","Butajira","December","2018","38.42140499","8.173264069","8.00","10.00"
"661","SNNP","Hosahna","December","2018","37.84747123","7.538579317","8.00","10.21"
"662","SNNP","Shone","December","2018","37.94869425","7.134857075","7.00","10.99"
"663","SNNP","Doyugena","December","2018","37.78333","7.33333","7.50","9.13"
"664","SNNP","Alaba","December","2018","38.086143","7.311546","6.00","10.00"
"665","SNNP","Awasa","December","2018","38.474819","7.058624","9.00","12.75"
"666","SNNP","Hagere- Selam ","December","2018","38.51921184","6.513880636","8.21","9.49"
"667","SNNP","Dilla","December","2018","38.30745962","6.410516676","7.00","8.25"
"668","SNNP","Yirega-¦ chefie ","December","2018","38.1988827","6.16095383","7.50","8.50"
"669","SNNP","Welikite","February","2019","37.77266735","8.27732366","6.50","10.91"
"670","SNNP","Butajira","February","2019","38.42140499","8.173264069","7.00","10.00"
"671","SNNP","Hosahna","February","2019","37.84747123","7.538579317","8.00","10.99"
"672","SNNP","Shone","February","2019","37.94869425","7.134857075","7.50","10.99"
"673","SNNP","Doyugena","February","2019","37.78333","7.33333","7.50","8.18"
"674","SNNP","Alaba","February","2019","38.086143","7.311546","7.00","10.00"
"675","SNNP","Awasa","February","2019","38.474819","7.058624","9.00","13.00"
"676","SNNP","Hagere- Selam ","February","2019","38.51921184","6.513880636","8.57","10.00"
"677","SNNP","Dilla","February","2019","38.30745962","6.410516676","7.48","9.00"
"678","SNNP","Yirega-¦ chefie ","February","2019","38.1988827","6.16095383","7.50","8.50"
"679","SNNP","Welikite","January","2019","37.77266735","8.27732366","7.00","13.93"
"680","SNNP","Butajira","January","2019","38.42140499","8.173264069","7.25","10.00"
"681","SNNP","Hosahna","January","2019","37.84747123","7.538579317","8.00","10.00"
"682","SNNP","Shone","January","2019","37.94869425","7.134857075","7.30","10.99"
"683","SNNP","Doyugena","January","2019","37.78333","7.33333","7.50","9.26"
"684","SNNP","Alaba","January","2019","38.086143","7.311546","7.00","10.00"
"685","SNNP","Awasa","January","2019","38.474819","7.058624","9.00","13.00"
"686","SNNP","Hagere- Selam ","January","2019","38.51921184","6.513880636","7.63","9.49"
"687","SNNP","Dilla","January","2019","38.30745962","6.410516676","8.00","10.00"
"688","SNNP","Yirega-¦ chefie ","January","2019","38.1988827","6.16095383","7.62","8.62"
"689","SNNP","Welikite","July","2018","37.77266735","8.27732366","8.00","14.08"
"690","SNNP","Butajira","July","2018","38.42140499","8.173264069","8.00","10.00"
"691","SNNP","Hosahna","July","2018","37.84747123","7.538579317","8.00","12.06"
"692","SNNP","Shone","July","2018","37.94869425","7.134857075","8.25","10.99"
"693","SNNP","Doyugena","July","2018","37.78333","7.33333","8.00","11.98"
"694","SNNP","Alaba","July","2018","38.086143","7.311546","8.00","10.00"
"695","SNNP","Awasa","July","2018","38.474819","7.058624","9.50","12.00"
"696","SNNP","Hagere- Selam ","July","2018","38.51921184","6.513880636","8.63","10.00"
"697","SNNP","Dilla","July","2018","38.30745962","6.410516676","8.00","9.00"
"698","SNNP","Yirega-¦ chefie ","July","2018","38.1988827","6.16095383","7.25","8.50"
"699","SNNP","Welikite","March","2019","37.77266735","8.27732366","6.50","10.18"
"700","SNNP","Butajira","March","2019","38.42140499","8.173264069","7.00","10.00"
"701","SNNP","Hosahna","March","2019","37.84747123","7.538579317","8.00","12.35"
"702","SNNP","Shone","March","2019","37.94869425","7.134857075","7.25","11.23"
"703","SNNP","Doyugena","March","2019","37.78333","7.33333","7.50","9.64"
"704","SNNP","Alaba","March","2019","38.086143","7.311546","6.50","10.00"
"705","SNNP","Awasa","March","2019","38.474819","7.058624","10.00","13.00"
"706","SNNP","Hagere- Selam ","March","2019","38.51921184","6.513880636","8.51","10.00"
"707","SNNP","Dilla","March","2019","38.30745962","6.410516676","7.75","9.00"
"708","SNNP","Yirega-¦ chefie ","March","2019","38.1988827","6.16095383","7.62","8.50"
"709","SNNP","Welikite","May","2019","37.77266735","8.27732366","8.55","10.65"
"710","SNNP","Butajira","May","2019","38.42140499","8.173264069","9.00","12.00"
"711","SNNP","Hosahna","May","2019","37.84747123","7.538579317","9.00","10.55"
"712","SNNP","Shone","May","2019","37.94869425","7.134857075","9.50","12.77"
"713","SNNP","Doyugena","May","2019","37.78333","7.33333","9.00","10.01"
"714","SNNP","Alaba","May","2019","38.086143","7.311546","10.00","12.00"
"715","SNNP","Awasa","May","2019","38.474819","7.058624","10.00","13.49"
"716","SNNP","Hagere- Selam ","May","2019","38.51921184","6.513880636","10.21","12.00"
"717","SNNP","Dilla","May","2019","38.30745962","6.410516676","8.75","10.00"
"718","SNNP","Yirega-¦ chefie ","May","2019","38.1988827","6.16095383","9.37","11.00"
"719","SNNP","Welikite","November","2018","37.77266735","8.27732366","7.00","10.92"
"720","SNNP","Butajira","November","2018","38.42140499","8.173264069","8.00","10.00"
"721","SNNP","Hosahna","November","2018","37.84747123","7.538579317","9.00","11.91"
"722","SNNP","Shone","November","2018","37.94869425","7.134857075","6.00","11.23"
"723","SNNP","Doyugena","November","2018","37.78333","7.33333","7.50","9.15"
"724","SNNP","Alaba","November","2018","38.086143","7.311546","7.00","10.00"
"725","SNNP","Awasa","November","2018","38.474819","7.058624","9.00","13.00"
"726","SNNP","Hagere- Selam ","November","2018","38.51921184","6.513880636","7.35","9.00"
"727","SNNP","Dilla","November","2018","38.30745962","6.410516676","7.25","8.00"
"728","SNNP","Yirega-¦ chefie ","November","2018","38.1988827","6.16095383","7.75","8.49"
"729","SNNP","Welikite","October","2018","37.77266735","8.27732366","6.65","11.13"
"730","SNNP","Butajira","October","2018","38.42140499","8.173264069","8.00","10.00"
"731","SNNP","Hosahna","October","2018","37.84747123","7.538579317","9.00","9.91"
"732","SNNP","Shone","October","2018","37.94869425","7.134857075","6.00","10.99"
"733","SNNP","Doyugena","October","2018","37.78333","7.33333","8.00","10.70"
"734","SNNP","Alaba","October","2018","38.086143","7.311546","5.50","10.00"
"735","SNNP","Awasa","October","2018","38.474819","7.058624","9.00","13.00"
"736","SNNP","Hagere- Selam ","October","2018","38.51921184","6.513880636","6.88","9.00"
"737","SNNP","Dilla","October","2018","38.30745962","6.410516676","7.75","8.25"
"738","SNNP","Yirega-¦ chefie ","October","2018","38.1988827","6.16095383","6.75","8.25"
"739","SNNP","Welikite","September","2018","37.77266735","8.27732366","7.25","13.92"
"740","SNNP","Butajira","September","2018","38.42140499","8.173264069","7.50","10.00"
"741","SNNP","Hosahna","September","2018","37.84747123","7.538579317","9.00","11.37"
"742","SNNP","Shone","September","2018","37.94869425","7.134857075","7.75","10.99"
"743","SNNP","Doyugena","September","2018","37.78333","7.33333","7.50","10.38"
"744","SNNP","Alaba","September","2018","38.086143","7.311546","7.75","10.00"
"745","SNNP","Awasa","September","2018","38.474819","7.058624","9.00","12.49"
"746","SNNP","Hagere- Selam ","September","2018","38.51921184","6.513880636","7.75","9.49"
"747","SNNP","Dilla","September","2018","38.30745962","6.410516676","8.00","8.75"
"748","SNNP","Yirega-¦ chefie ","September","2018","38.1988827","6.16095383","7.00","8.50"
"749","SNNP","Welayita","April","2019",NA,NA,"9.49","12.99"
"750","SNNP","Bodite","April","2019","37.89064905","7.038034865","10.00","12.00"
"751","SNNP","Jinka","April","2019","36.56441614","5.78310286","9.13","15.00"
"752","SNNP","Dimeka","April","2019","36.45041198","4.892522922","9.50","16.00"
"753","SNNP","Masha","April","2019","35.47956686","7.741652627","9.00","11.00"
"754","SNNP","Tepi","April","2019","35.36770327","7.320015599","8.00","9.49"
"755","SNNP","Boniga","April","2019","36.24008346","7.388535704","8.00","12.00"
"756","SNNP","Chana","April","2019","36.11775846","6.226550231","7.00","12.00"
"757","SNNP","Arbam- minch ","April","2019","37.5527474","6.024547891","9.00","13.70"
"758","SNNP","Sawla","April","2019","36.87437474","6.300226567","9.00","11.24"
"759","SNNP","Welayita","August","2018",NA,NA,"8.25","12.99"
"760","SNNP","Bodite","August","2018","37.89064905","7.038034865","8.00","10.00"
"761","SNNP","Jinka","August","2018","36.56441614","5.78310286","5.49","12.96"
"762","SNNP","Dimeka","August","2018","36.45041198","4.892522922","8.81","15.00"
"763","SNNP","Masha","August","2018","35.47956686","7.741652627","10.00","12.00"
"764","SNNP","Tepi","August","2018","35.36770327","7.320015599","9.00","11.00"
"765","SNNP","Boniga","August","2018","36.24008346","7.388535704","9.00","-"
"766","SNNP","Chana","August","2018","36.11775846","6.226550231","10.00","13.00"
"767","SNNP","Arbam- minch ","August","2018","37.5527474","6.024547891","-","-"
"768","SNNP","Sawla","August","2018","36.87437474","6.300226567","8.00","9.45"
"769","SNNP","Welayita","December","2018",NA,NA,"7.50","9.15"
"770","SNNP","Bodite","December","2018","37.89064905","7.038034865","8.00","8.00"
"771","SNNP","Jinka","December","2018","36.56441614","5.78310286","7.61","15.00"
"772","SNNP","Dimeka","December","2018","36.45041198","4.892522922","7.26","-"
"773","SNNP","Masha","December","2018","35.47956686","7.741652627","8.00","10.49"
"774","SNNP","Tepi","December","2018","35.36770327","7.320015599","6.48","9.49"
"775","SNNP","Boniga","December","2018","36.24008346","7.388535704","6.00","11.00"
"776","SNNP","Chana","December","2018","36.11775846","6.226550231","6.00","13.00"
"777","SNNP","Arbam- minch ","December","2018","37.5527474","6.024547891","9.49","11.19"
"778","SNNP","Sawla","December","2018","36.87437474","6.300226567","7.00","9.60"
"779","SNNP","Welayita","February","2019",NA,NA,"7.50","9.71"
"780","SNNP","Bodite","February","2019","37.89064905","7.038034865","7.00","10.00"
"781","SNNP","Jinka","February","2019","36.56441614","5.78310286","5.93","14.49"
"782","SNNP","Dimeka","February","2019","36.45041198","4.892522922","8.10","16.49"
"783","SNNP","Masha","February","2019","35.47956686","7.741652627","9.00","11.00"
"784","SNNP","Tepi","February","2019","35.36770327","7.320015599","6.75","10.00"
"785","SNNP","Boniga","February","2019","36.24008346","7.388535704","7.00","11.00"
"786","SNNP","Chana","February","2019","36.11775846","6.226550231","7.00","12.00"
"787","SNNP","Arbam- minch ","February","2019","37.5527474","6.024547891","9.00","11.14"
"788","SNNP","Sawla","February","2019","36.87437474","6.300226567","6.50","9.21"
"789","SNNP","Welayita","January","2019",NA,NA,"7.50","9.53"
"790","SNNP","Bodite","January","2019","37.89064905","7.038034865","8.00","10.00"
"791","SNNP","Jinka","January","2019","36.56441614","5.78310286","7.18","15.00"
"792","SNNP","Dimeka","January","2019","36.45041198","4.892522922","7.61","16.49"
"793","SNNP","Masha","January","2019","35.47956686","7.741652627","9.00","11.00"
"794","SNNP","Tepi","January","2019","35.36770327","7.320015599","6.48","9.49"
"795","SNNP","Boniga","January","2019","36.24008346","7.388535704","7.00","11.00"
"796","SNNP","Chana","January","2019","36.11775846","6.226550231","7.00","13.00"
"797","SNNP","Arbam- minch ","January","2019","37.5527474","6.024547891","9.00","13.44"
"798","SNNP","Sawla","January","2019","36.87437474","6.300226567","7.00","9.52"
"799","SNNP","Welayita","July","2018",NA,NA,"8.25","11.23"
"800","SNNP","Bodite","July","2018","37.89064905","7.038034865","8.00","10.00"
"801","SNNP","Jinka","July","2018","36.56441614","5.78310286","8.80","14.49"
"802","SNNP","Dimeka","July","2018","36.45041198","4.892522922","7.68","10.91"
"803","SNNP","Masha","July","2018","35.47956686","7.741652627","10.00","12.00"
"804","SNNP","Tepi","July","2018","35.36770327","7.320015599","9.00","12.00"
"805","SNNP","Boniga","July","2018","36.24008346","7.388535704","9.00","-"
"806","SNNP","Chana","July","2018","36.11775846","6.226550231","9.00","13.00"
"807","SNNP","Arbam- minch ","July","2018","37.5527474","6.024547891","9.00","11.20"
"808","SNNP","Sawla","July","2018","36.87437474","6.300226567","8.50","9.45"
"809","SNNP","Welayita","March","2019",NA,NA,"7.50","10.10"
"810","SNNP","Bodite","March","2019","37.89064905","7.038034865","7.48","10.00"
"811","SNNP","Jinka","March","2019","36.56441614","5.78310286","6.99","15.00"
"812","SNNP","Dimeka","March","2019","36.45041198","4.892522922","8.67","15.00"
"813","SNNP","Masha","March","2019","35.47956686","7.741652627","9.00","11.00"
"814","SNNP","Tepi","March","2019","35.36770327","7.320015599","8.00","10.00"
"815","SNNP","Boniga","March","2019","36.24008346","7.388535704","7.00","12.00"
"816","SNNP","Chana","March","2019","36.11775846","6.226550231","7.00","12.00"
"817","SNNP","Arbam- minch ","March","2019","37.5527474","6.024547891","9.00","13.51"
"818","SNNP","Sawla","March","2019","36.87437474","6.300226567","6.40","9.72"
"819","SNNP","Welayita","May","2019",NA,NA,"9.25","12.70"
"820","SNNP","Bodite","May","2019","37.89064905","7.038034865","9.00","12.00"
"821","SNNP","Jinka","May","2019","36.56441614","5.78310286","10.01","15.00"
"822","SNNP","Dimeka","May","2019","36.45041198","4.892522922","10.10","16.00"
"823","SNNP","Masha","May","2019","35.47956686","7.741652627","9.00","11.49"
"824","SNNP","Tepi","May","2019","35.36770327","7.320015599","8.00","10.00"
"825","SNNP","Boniga","May","2019","36.24008346","7.388535704","8.00","12.00"
"826","SNNP","Chana","May","2019","36.11775846","6.226550231","8.00","13.00"
"827","SNNP","Arbam- minch ","May","2019","37.5527474","6.024547891","11.00","12.35"
"828","SNNP","Sawla","May","2019","36.87437474","6.300226567","9.00","10.32"
"829","SNNP","Welayita","November","2018",NA,NA,"8.00","9.26"
"830","SNNP","Bodite","November","2018","37.89064905","7.038034865","8.00","10.00"
"831","SNNP","Jinka","November","2018","36.56441614","5.78310286","7.51","14.49"
"832","SNNP","Dimeka","November","2018","36.45041198","4.892522922","6.78","16.00"
"833","SNNP","Masha","November","2018","35.47956686","7.741652627","8.49","11.00"
"834","SNNP","Tepi","November","2018","35.36770327","7.320015599","6.48","9.49"
"835","SNNP","Boniga","November","2018","36.24008346","7.388535704","7.00","-"
"836","SNNP","Chana","November","2018","36.11775846","6.226550231","6.00","13.00"
"837","SNNP","Arbam- minch ","November","2018","37.5527474","6.024547891","9.00","13.62"
"838","SNNP","Sawla","November","2018","36.87437474","6.300226567","6.75","8.43"
"839","SNNP","Welayita","October","2018",NA,NA,"6.75","9.21"
"840","SNNP","Bodite","October","2018","37.89064905","7.038034865","8.00","10.00"
"841","SNNP","Jinka","October","2018","36.56441614","5.78310286","5.51","11.49"
"842","SNNP","Dimeka","October","2018","36.45041198","4.892522922","8.84","15.00"
"843","SNNP","Masha","October","2018","35.47956686","7.741652627","8.49","11.49"
"844","SNNP","Tepi","October","2018","35.36770327","7.320015599","9.00","11.00"
"845","SNNP","Boniga","October","2018","36.24008346","7.388535704","7.00","-"
"846","SNNP","Chana","October","2018","36.11775846","6.226550231","6.00","13.00"
"847","SNNP","Arbam- minch ","October","2018","37.5527474","6.024547891","9.00","10.88"
"848","SNNP","Sawla","October","2018","36.87437474","6.300226567","5.30","9.53"
"849","SNNP","Welayita","September","2018",NA,NA,"6.48","10.53"
"850","SNNP","Bodite","September","2018","37.89064905","7.038034865","8.75","10.00"
"851","SNNP","Jinka","September","2018","36.56441614","5.78310286","5.90","12.49"
"852","SNNP","Dimeka","September","2018","36.45041198","4.892522922","-","15.00"
"853","SNNP","Masha","September","2018","35.47956686","7.741652627","10.00","12.00"
"854","SNNP","Tepi","September","2018","35.36770327","7.320015599","9.00","11.00"
"855","SNNP","Boniga","September","2018","36.24008346","7.388535704","8.00","-"
"856","SNNP","Chana","September","2018","36.11775846","6.226550231","9.49","13.00"
"857","SNNP","Arbam- minch ","September","2018","37.5527474","6.024547891","9.00","11.51"
"858","SNNP","Sawla","September","2018","36.87437474","6.300226567","7.25","9.72"
"859","SNNP","Shewa- Bench ","April","2019",NA,NA,"7.00","12.00"
"860","SNNP","Mizan- Teferi ","April","2019","35.41120174","6.883477024","8.00","10.00"
"861","SNNP","Deri","April","2019","36.28577951","7.384839762","9.26","8.24"
"862","SNNP","Amaro Kele ","April","2019","6.083333333","38.03333333","12.36","13.99"
"863","SNNP","Soyama","April","2019","5.7","37.88333333","10.58","-"
"864","SNNP","Karate","April","2019","5.25","37.48333333","11.50","-"
"865","SNNP","Gidola","April","2019","37.34772952","5.647078098","10.21","-"
"866","SNNP","Tercha","April","2019","37.175334","7.146295","7.00","-"
"867","SNNP","Besite- chere ","April","2019",NA,NA,"8.00","11.34"
"868","SNNP","Lasoka","April","2019","36.60777815","6.30774507","7.82","10.87"
"869","SNNP","Amaya","April","2019","36.68000727","7.105541206","7.02","-"
"870","SNNP","Shewa- Bench ","August","2018",NA,NA,"10.00","13.00"
"871","SNNP","Mizan- Teferi ","August","2018","35.41120174","6.883477024","9.49","12.00"
"872","SNNP","Deri","August","2018","36.28577951","7.384839762","7.79","19.05"
"873","SNNP","Amaro Kele ","August","2018","6.083333333","38.03333333","7.73","10.00"
"874","SNNP","Soyama","August","2018","5.7","37.88333333","9.42","-"
"875","SNNP","Karate","August","2018","5.25","37.48333333","10.38","-"
"876","SNNP","Gidola","August","2018","37.34772952","5.647078098","8.52","-"
"877","SNNP","Tercha","August","2018","37.175334","7.146295","8.25","-"
"878","SNNP","Besite- chere ","August","2018",NA,NA,"9.00","10.77"
"879","SNNP","Lasoka","August","2018","36.60777815","6.30774507","8.07","10.21"
"880","SNNP","Amaya","August","2018","36.68000727","7.105541206","8.29","-"
"881","SNNP","Shewa- Bench ","December","2018",NA,NA,"5.00","12.00"
"882","SNNP","Mizan- Teferi ","December","2018","35.41120174","6.883477024","7.00","10.00"
"883","SNNP","Deri","December","2018","36.28577951","7.384839762","7.21","9.41"
"884","SNNP","Amaro Kele ","December","2018","6.083333333","38.03333333","9.77","10.00"
"885","SNNP","Soyama","December","2018","5.7","37.88333333","8.51","-"
"886","SNNP","Karate","December","2018","5.25","37.48333333","8.79","-"
"887","SNNP","Gidola","December","2018","37.34772952","5.647078098","7.84","-"
"888","SNNP","Tercha","December","2018","37.175334","7.146295","5.24","-"
"889","SNNP","Besite- chere ","December","2018",NA,NA,"7.00","10.52"
"890","SNNP","Lasoka","December","2018","36.60777815","6.30774507","8.19","14.70"
"891","SNNP","Amaya","December","2018","36.68000727","7.105541206","6.78","-"
"892","SNNP","Shewa- Bench ","February","2019",NA,NA,"8.00","12.00"
"893","SNNP","Mizan- Teferi ","February","2019","35.41120174","6.883477024","7.00","10.00"
"894","SNNP","Deri","February","2019","36.28577951","7.384839762","10.19","10.19"
"895","SNNP","Amaro Kele ","February","2019","6.083333333","38.03333333","10.35","11.77"
"896","SNNP","Soyama","February","2019","5.7","37.88333333","8.46","-"
"897","SNNP","Karate","February","2019","5.25","37.48333333","8.62","-"
"898","SNNP","Gidola","February","2019","37.34772952","5.647078098","7.68","-"
"899","SNNP","Tercha","February","2019","37.175334","7.146295","7.00","-"
"900","SNNP","Besite- chere ","February","2019",NA,NA,"8.37","-"
"901","SNNP","Lasoka","February","2019","36.60777815","6.30774507","5.93","11.69"
"902","SNNP","Amaya","February","2019","36.68000727","7.105541206","6.69","-"
"903","SNNP","Shewa- Bench ","January","2019",NA,NA,"5.00","12.00"
"904","SNNP","Mizan- Teferi ","January","2019","35.41120174","6.883477024","7.00","10.00"
"905","SNNP","Deri","January","2019","36.28577951","7.384839762","7.14","9.76"
"906","SNNP","Amaro Kele ","January","2019","6.083333333","38.03333333","9.60","11.00"
"907","SNNP","Soyama","January","2019","5.7","37.88333333","9.52","-"
"908","SNNP","Karate","January","2019","5.25","37.48333333","9.23","-"
"909","SNNP","Gidola","January","2019","37.34772952","5.647078098","7.68","-"
"910","SNNP","Tercha","January","2019","37.175334","7.146295","5.48","-"
"911","SNNP","Besite- chere ","January","2019",NA,NA,"8.00","10.23"
"912","SNNP","Lasoka","January","2019","36.60777815","6.30774507","8.77","14.71"
"913","SNNP","Amaya","January","2019","36.68000727","7.105541206","5.68","-"
"914","SNNP","Shewa- Bench ","July","2018",NA,NA,"9.00","12.49"
"915","SNNP","Mizan- Teferi ","July","2018","35.41120174","6.883477024","9.00","12.00"
"916","SNNP","Deri","July","2018","36.28577951","7.384839762","7.02","10.53"
"917","SNNP","Amaro Kele ","July","2018","6.083333333","38.03333333","9.77","12.00"
"918","SNNP","Soyama","July","2018","5.7","37.88333333","8.65","-"
"919","SNNP","Karate","July","2018","5.25","37.48333333","8.87","-"
"920","SNNP","Gidola","July","2018","37.34772952","5.647078098","9.61","-"
"921","SNNP","Tercha","July","2018","37.175334","7.146295","8.00","-"
"922","SNNP","Besite- chere ","July","2018",NA,NA,"9.00","10.52"
"923","SNNP","Lasoka","July","2018","36.60777815","6.30774507","8.19","10.00"
"924","SNNP","Amaya","July","2018","36.68000727","7.105541206","7.68","-"
"925","SNNP","Shewa- Bench ","March","2019",NA,NA,"7.00","12.00"
"926","SNNP","Mizan- Teferi ","March","2019","35.41120174","6.883477024","7.00","10.00"
"927","SNNP","Deri","March","2019","36.28577951","7.384839762","7.25","8.60"
"928","SNNP","Amaro Kele ","March","2019","6.083333333","38.03333333","9.55","12.51"
"929","SNNP","Soyama","March","2019","5.7","37.88333333","8.95","-"
"930","SNNP","Karate","March","2019","5.25","37.48333333","9.45","-"
"931","SNNP","Gidola","March","2019","37.34772952","5.647078098","8.16","-"
"932","SNNP","Tercha","March","2019","37.175334","7.146295","5.48","-"
"933","SNNP","Besite- chere ","March","2019",NA,NA,"7.00","10.42"
"934","SNNP","Lasoka","March","2019","36.60777815","6.30774507","6.78","10.88"
"935","SNNP","Amaya","March","2019","36.68000727","7.105541206","6.95","-"
"936","SNNP","Shewa- Bench ","May","2019",NA,NA,"7.00","13.00"
"937","SNNP","Mizan- Teferi ","May","2019","35.41120174","6.883477024","8.00","10.00"
"938","SNNP","Deri","May","2019","36.28577951","7.384839762","7.02","8.33"
"939","SNNP","Amaro Kele ","May","2019","6.083333333","38.03333333","11.05","12.59"
"940","SNNP","Soyama","May","2019","5.7","37.88333333","11.58","-"
"941","SNNP","Karate","May","2019","5.25","37.48333333","-","-"
"942","SNNP","Gidola","May","2019","37.34772952","5.647078098","10.51","-"
"943","SNNP","Tercha","May","2019","37.175334","7.146295","-","-"
"944","SNNP","Besite- chere ","May","2019",NA,NA,"9.00","11.10"
"945","SNNP","Lasoka","May","2019","36.60777815","6.30774507","7.93","10.87"
"946","SNNP","Amaya","May","2019","36.68000727","7.105541206","8.54","-"
"947","SNNP","Shewa- Bench ","November","2018",NA,NA,"6.00","12.00"
"948","SNNP","Mizan- Teferi ","November","2018","35.41120174","6.883477024","7.00","10.00"
"949","SNNP","Deri","November","2018","36.28577951","7.384839762","7.14","19.75"
"950","SNNP","Amaro Kele ","November","2018","6.083333333","38.03333333","8.79","11.34"
"951","SNNP","Soyama","November","2018","5.7","37.88333333","7.41","-"
"952","SNNP","Karate","November","2018","5.25","37.48333333","8.17","-"
"953","SNNP","Gidola","November","2018","37.34772952","5.647078098","7.87","-"
"954","SNNP","Tercha","November","2018","37.175334","7.146295","5.00","-"
"955","SNNP","Besite- chere ","November","2018",NA,NA,"8.00","9.00"
"956","SNNP","Lasoka","November","2018","36.60777815","6.30774507","8.80","14.79"
"957","SNNP","Amaya","November","2018","36.68000727","7.105541206","5.21","-"
"958","SNNP","Shewa- Bench ","October","2018",NA,NA,"6.00","12.00"
"959","SNNP","Mizan- Teferi ","October","2018","35.41120174","6.883477024","7.00","10.00"
"960","SNNP","Deri","October","2018","36.28577951","7.384839762","6.90","9.19"
"961","SNNP","Amaro Kele ","October","2018","6.083333333","38.03333333","7.91","10.21"
"962","SNNP","Soyama","October","2018","5.7","37.88333333","8.42","-"
"963","SNNP","Karate","October","2018","5.25","37.48333333","7.42","-"
"964","SNNP","Gidola","October","2018","37.34772952","5.647078098","9.75","-"
"965","SNNP","Tercha","October","2018","37.175334","7.146295","-","-"
"966","SNNP","Besite- chere ","October","2018",NA,NA,"8.00","10.24"
"967","SNNP","Lasoka","October","2018","36.60777815","6.30774507","6.56","12.91"
"968","SNNP","Amaya","October","2018","36.68000727","7.105541206","-","-"
"969","SNNP","Shewa- Bench ","September","2018",NA,NA,"6.00","12.00"
"970","SNNP","Mizan- Teferi ","September","2018","35.41120174","6.883477024","8.00","11.00"
"971","SNNP","Deri","September","2018","36.28577951","7.384839762","7.00","10.00"
"972","SNNP","Amaro Kele ","September","2018","6.083333333","38.03333333","5.49","10.00"
"973","SNNP","Soyama","September","2018","5.7","37.88333333","9.89","-"
"974","SNNP","Karate","September","2018","5.25","37.48333333","7.40","-"
"975","SNNP","Gidola","September","2018","37.34772952","5.647078098","9.32","-"
"976","SNNP","Tercha","September","2018","37.175334","7.146295","7.48","-"
"977","SNNP","Besite- chere ","September","2018",NA,NA,"9.00","11.18"
"978","SNNP","Lasoka","September","2018","36.60777815","6.30774507","5.53","8.00"
"979","SNNP","Amaya","September","2018","36.68000727","7.105541206","6.83","-"
"980","SOMALIE","Shinile","April","2019","41.844013","9.686515","10.49","-"
"981","SOMALIE","Erere","April","2019",NA,NA,"10.00","11.00"
"982","SOMALIE","Jigjiga","April","2019","42.792342","9.367259","12.96","-"
"983","SOMALIE","Kebribeya","April","2019",NA,NA,"10.02","14.00"
"984","SOMALIE","Dolo","April","2019","42.059257","4.179211","10.56","16.13"
"985","SOMALIE","Moyale","April","2019","3.527","39.056","-","-"
"986","BENISHANGUL-GUMUZ","Mambook","April","2019",NA,NA,"7.50","-"
"987","BENISHANGUL-GUMUZ","Mender- Sebat ","April","2019",NA,NA,"7.00","-"
"988","BENISHANGUL-GUMUZ","Asossa","April","2019","34.53730603","10.05784932","6.75","9.49"
"989","BENISHANGUL-GUMUZ","Bambasi","April","2019","34.73046863","9.751504664","5.04","-"
"990","BENISHANGUL-GUMUZ","Kemashi","April","2019","35.85916991","9.515450626","6.53","-"
"991","BENISHANGUL-GUMUZ","Agelo- meti ","April","2019","35.77048443","9.640776618","4.48","-"
"992","BENISHANGUL-GUMUZ","AVERA","April","2019",NA,NA,"6.11","9.49"
"993","SOMALIE","Shinile","August","2018","41.844013","9.686515","12.49","-"
"994","SOMALIE","Erere","August","2018",NA,NA,"10.00","12.00"
"995","SOMALIE","Jigjiga","August","2018","42.792342","9.367259","12.87","22.49"
"996","SOMALIE","Kebribeya","August","2018",NA,NA,"8.86","12.00"
"997","SOMALIE","Dolo","August","2018","42.059257","4.179211","14.09","16.00"
"998","SOMALIE","Moyale","August","2018","3.527","39.056","10.00","12.00"
"999","BENISHANGUL-GUMUZ","Mambook","August","2018",NA,NA,"6.00","-"
"1000","BENISHANGUL-GUMUZ","Mender- Sebat ","August","2018",NA,NA,"7.00","-"
"1001","BENISHANGUL-GUMUZ","Asossa","August","2018","34.53730603","10.05784932","7.00","10.00"
"1002","BENISHANGUL-GUMUZ","Bambasi","August","2018","34.73046863","9.751504664","6.23","-"
"1003","BENISHANGUL-GUMUZ","Kemashi","August","2018","35.85916991","9.515450626","6.56","-"
"1004","BENISHANGUL-GUMUZ","Agelo- meti ","August","2018","35.77048443","9.640776618","8.00","-"
"1005","BENISHANGUL-GUMUZ","AVERA","August","2018",NA,NA,"6.77","10.00"
"1006","SOMALIE","Shinile","December","2018","41.844013","9.686515","10.00","-"
"1007","SOMALIE","Erere","December","2018",NA,NA,"10.25","10.00"
"1008","SOMALIE","Jigjiga","December","2018","42.792342","9.367259","12.71","-"
"1009","SOMALIE","Kebribeya","December","2018",NA,NA,"-","-"
"1010","SOMALIE","Dolo","December","2018","42.059257","4.179211","11.19","15.75"
"1011","SOMALIE","Moyale","December","2018","3.527","39.056","-","-"
"1012","BENISHANGUL-GUMUZ","Mambook","December","2018",NA,NA,"5.55","-"
"1013","BENISHANGUL-GUMUZ","Mender- Sebat ","December","2018",NA,NA,"7.00","-"
"1014","BENISHANGUL-GUMUZ","Asossa","December","2018","34.53730603","10.05784932","7.00","10.00"
"1015","BENISHANGUL-GUMUZ","Bambasi","December","2018","34.73046863","9.751504664","5.81","-"
"1016","BENISHANGUL-GUMUZ","Kemashi","December","2018","35.85916991","9.515450626","-","-"
"1017","BENISHANGUL-GUMUZ","Agelo- meti ","December","2018","35.77048443","9.640776618","-","-"
"1018","BENISHANGUL-GUMUZ","AVERA","December","2018",NA,NA,"6.30","10.00"
"1019","SOMALIE","Shinile","February","2019","41.844013","9.686515","12.00","-"
"1020","SOMALIE","Erere","February","2019",NA,NA,"9.79","10.00"
"1021","SOMALIE","Jigjiga","February","2019","42.792342","9.367259","13.13","-"
"1022","SOMALIE","Kebribeya","February","2019",NA,NA,"-","-"
"1023","SOMALIE","Dolo","February","2019","42.059257","4.179211","11.11","15.75"
"1024","SOMALIE","Moyale","February","2019","3.527","39.056","-","-"
"1025","BENISHANGUL-GUMUZ","Mambook","February","2019",NA,NA,"5.95","-"
"1026","BENISHANGUL-GUMUZ","Mender- Sebat ","February","2019",NA,NA,"7.00","-"
"1027","BENISHANGUL-GUMUZ","Asossa","February","2019","34.53730603","10.05784932","6.24","9.49"
"1028","BENISHANGUL-GUMUZ","Bambasi","February","2019","34.73046863","9.751504664","4.92","-"
"1029","BENISHANGUL-GUMUZ","Kemashi","February","2019","35.85916991","9.515450626","-","-"
"1030","BENISHANGUL-GUMUZ","Agelo- meti ","February","2019","35.77048443","9.640776618","-","-"
"1031","BENISHANGUL-GUMUZ","AVERA","February","2019",NA,NA,"5.98","9.49"
"1032","SOMALIE","Shinile","January","2019","41.844013","9.686515","12.00","-"
"1033","SOMALIE","Erere","January","2019",NA,NA,"11.72","10.00"
"1034","SOMALIE","Jigjiga","January","2019","42.792342","9.367259","13.64","-"
"1035","SOMALIE","Kebribeya","January","2019",NA,NA,"-","-"
"1036","SOMALIE","Dolo","January","2019","42.059257","4.179211","11.35","16.00"
"1037","SOMALIE","Moyale","January","2019","3.527","39.056","-","-"
"1038","BENISHANGUL-GUMUZ","Mambook","January","2019",NA,NA,"6.00","-"
"1039","BENISHANGUL-GUMUZ","Mender- Sebat ","January","2019",NA,NA,"6.48","-"
"1040","BENISHANGUL-GUMUZ","Asossa","January","2019","34.53730603","10.05784932","6.24","9.49"
"1041","BENISHANGUL-GUMUZ","Bambasi","January","2019","34.73046863","9.751504664","5.59","-"
"1042","BENISHANGUL-GUMUZ","Kemashi","January","2019","35.85916991","9.515450626","-","-"
"1043","BENISHANGUL-GUMUZ","Agelo- meti ","January","2019","35.77048443","9.640776618","-","-"
"1044","BENISHANGUL-GUMUZ","AVERA","January","2019",NA,NA,"6.07","9.49"
"1045","SOMALIE","Shinile","July","2018","41.844013","9.686515","13.00","-"
"1046","SOMALIE","Erere","July","2018",NA,NA,"9.62","-"
"1047","SOMALIE","Jigjiga","July","2018","42.792342","9.367259","12.87","22.49"
"1048","SOMALIE","Kebribeya","July","2018",NA,NA,"-","-"
"1049","SOMALIE","Dolo","July","2018","42.059257","4.179211","-","16.00"
"1050","SOMALIE","Moyale","July","2018","3.527","39.056","12.00","14.00"
"1051","BENISHANGUL-GUMUZ","Mambook","July","2018",NA,NA,"7.00","-"
"1052","BENISHANGUL-GUMUZ","Mender- Sebat ","July","2018",NA,NA,"7.00","-"
"1053","BENISHANGUL-GUMUZ","Asossa","July","2018","34.53730603","10.05784932","7.00","10.00"
"1054","BENISHANGUL-GUMUZ","Bambasi","July","2018","34.73046863","9.751504664","5.93","-"
"1055","BENISHANGUL-GUMUZ","Kemashi","July","2018","35.85916991","9.515450626","6.64","-"
"1056","BENISHANGUL-GUMUZ","Agelo- meti ","July","2018","35.77048443","9.640776618","7.96","-"
"1057","BENISHANGUL-GUMUZ","AVERA","July","2018",NA,NA,"6.90","10.00"
"1058","SOMALIE","Shinile","March","2019","41.844013","9.686515","11.49","-"
"1059","SOMALIE","Erere","March","2019",NA,NA,"10.00","11.00"
"1060","SOMALIE","Jigjiga","March","2019","42.792342","9.367259","13.09","-"
"1061","SOMALIE","Kebribeya","March","2019",NA,NA,"-","-"
"1062","SOMALIE","Dolo","March","2019","42.059257","4.179211","11.43","16.00"
"1063","SOMALIE","Moyale","March","2019","3.527","39.056","-","-"
"1064","BENISHANGUL-GUMUZ","Mambook","March","2019",NA,NA,"6.50","-"
"1065","BENISHANGUL-GUMUZ","Mender- Sebat ","March","2019",NA,NA,"6.50","-"
"1066","BENISHANGUL-GUMUZ","Asossa","March","2019","34.53730603","10.05784932","7.00","10.00"
"1067","BENISHANGUL-GUMUZ","Bambasi","March","2019","34.73046863","9.751504664","4.90","-"
"1068","BENISHANGUL-GUMUZ","Kemashi","March","2019","35.85916991","9.515450626","-","-"
"1069","BENISHANGUL-GUMUZ","Agelo- meti ","March","2019","35.77048443","9.640776618","-","-"
"1070","BENISHANGUL-GUMUZ","AVERA","March","2019",NA,NA,"6.17","10.00"
"1071","SOMALIE","Shinile","May","2019","41.844013","9.686515","10.95","-"
"1072","SOMALIE","Erere","May","2019",NA,NA,"12.00","12.00"
"1073","SOMALIE","Jigjiga","May","2019","42.792342","9.367259","12.87","24.00"
"1074","SOMALIE","Kebribeya","May","2019",NA,NA,"11.61","17.49"
"1075","SOMALIE","Dolo","May","2019","42.059257","4.179211","14.09","15.75"
"1076","SOMALIE","Moyale","May","2019","3.527","39.056","-","-"
"1077","BENISHANGUL-GUMUZ","Mambook","May","2019",NA,NA,"8.00","-"
"1078","BENISHANGUL-GUMUZ","Mender- Sebat ","May","2019",NA,NA,"7.75","-"
"1079","BENISHANGUL-GUMUZ","Asossa","May","2019","34.53730603","10.05784932","7.00","10.00"
"1080","BENISHANGUL-GUMUZ","Bambasi","May","2019","34.73046863","9.751504664","5.74","-"
"1081","BENISHANGUL-GUMUZ","Kemashi","May","2019","35.85916991","9.515450626","6.90","-"
"1082","BENISHANGUL-GUMUZ","Agelo- meti ","May","2019","35.77048443","9.640776618","4.33","-"
"1083","BENISHANGUL-GUMUZ","AVERA","May","2019",NA,NA,"6.49","10.00"
"1084","SOMALIE","Shinile","November","2018","41.844013","9.686515","10.49","-"
"1085","SOMALIE","Erere","November","2018",NA,NA,"11.14","12.00"
"1086","SOMALIE","Jigjiga","November","2018","42.792342","9.367259","13.70","-"
"1087","SOMALIE","Kebribeya","November","2018",NA,NA,"11.39","14.00"
"1088","SOMALIE","Dolo","November","2018","42.059257","4.179211","11.19","16.13"
"1089","SOMALIE","Moyale","November","2018","3.527","39.056","-","-"
"1090","BENISHANGUL-GUMUZ","Mambook","November","2018",NA,NA,"5.75","-"
"1091","BENISHANGUL-GUMUZ","Mender- Sebat ","November","2018",NA,NA,"5.74","-"
"1092","BENISHANGUL-GUMUZ","Asossa","November","2018","34.53730603","10.05784932","7.00","10.00"
"1093","BENISHANGUL-GUMUZ","Bambasi","November","2018","34.73046863","9.751504664","5.95","-"
"1094","BENISHANGUL-GUMUZ","Kemashi","November","2018","35.85916991","9.515450626","-","-"
"1095","BENISHANGUL-GUMUZ","Agelo- meti ","November","2018","35.77048443","9.640776618","-","-"
"1096","BENISHANGUL-GUMUZ","AVERA","November","2018",NA,NA,"6.09","10.00"
"1097","SOMALIE","Shinile","October","2018","41.844013","9.686515","10.00","-"
"1098","SOMALIE","Erere","October","2018",NA,NA,"10.03","10.95"
"1099","SOMALIE","Jigjiga","October","2018","42.792342","9.367259","13.78","-"
"1100","SOMALIE","Kebribeya","October","2018",NA,NA,"-","14.00"
"1101","SOMALIE","Dolo","October","2018","42.059257","4.179211","14.50","16.00"
"1102","SOMALIE","Moyale","October","2018","3.527","39.056","12.00","14.00"
"1103","BENISHANGUL-GUMUZ","Mambook","October","2018",NA,NA,"4.87","-"
"1104","BENISHANGUL-GUMUZ","Mender- Sebat ","October","2018",NA,NA,"7.00","-"
"1105","BENISHANGUL-GUMUZ","Asossa","October","2018","34.53730603","10.05784932","7.00","10.00"
"1106","BENISHANGUL-GUMUZ","Bambasi","October","2018","34.73046863","9.751504664","5.78","-"
"1107","BENISHANGUL-GUMUZ","Kemashi","October","2018","35.85916991","9.515450626","7.20","-"
"1108","BENISHANGUL-GUMUZ","Agelo- meti ","October","2018","35.77048443","9.640776618","6.84","-"
"1109","BENISHANGUL-GUMUZ","AVERA","October","2018",NA,NA,"6.39","10.00"
"1110","SOMALIE","Shinile","September","2018","41.844013","9.686515","10.49","-"
"1111","SOMALIE","Erere","September","2018",NA,NA,"13.33","12.00"
"1112","SOMALIE","Jigjiga","September","2018","42.792342","9.367259","-","-"
"1113","SOMALIE","Kebribeya","September","2018",NA,NA,"11.88","15.00"
"1114","SOMALIE","Dolo","September","2018","42.059257","4.179211","13.70","16.26"
"1115","SOMALIE","Moyale","September","2018","3.527","39.056","12.00","14.00"
"1116","BENISHANGUL-GUMUZ","Mambook","September","2018",NA,NA,"5.25","-"
"1117","BENISHANGUL-GUMUZ","Mender- Sebat ","September","2018",NA,NA,"7.00","-"
"1118","BENISHANGUL-GUMUZ","Asossa","September","2018","34.53730603","10.05784932","7.00","10.00"
"1119","BENISHANGUL-GUMUZ","Bambasi","September","2018","34.73046863","9.751504664","5.53","-"
"1120","BENISHANGUL-GUMUZ","Kemashi","September","2018","35.85916991","9.515450626","7.20","-"
"1121","BENISHANGUL-GUMUZ","Agelo- meti ","September","2018","35.77048443","9.640776618","6.84","-"
"1122","BENISHANGUL-GUMUZ","AVERA","September","2018",NA,NA,"6.42","10.00"
"1123","TIGRAY","Enda- silase ","April","2019","38.27211005","14.08944251","11.06","-"
"1124","TIGRAY","Enda- baguna ","April","2019","38.19317204","13.97860867","9.68","-"
"1125","TIGRAY","Adwa","April","2019","38.88818805","14.14845458","8.00","-"
"1126","TIGRAY","Axum","April","2019","38.71879888","14.11130791","-","-"
"1127","TIGRAY","Adigrat","April","2019","39.46033457","14.26667752","9.50","-"
"1128","TIGRAY","Wukiro","April","2019","39.599747","13.796083","10.00","12.98"
"1129","TIGRAY","Mai- chew ","April","2019","39.541533","12.78792086","8.92","13.14"
"1130","TIGRAY","Mekelle","April","2019","39.47221911","13.48719005","10.00","-"
"1131","AFAR","Ayisaeta","April","2019","41.43333","11.56667","7.48","11.00"
"1132","AFAR","Semera Logia ","April","2019",NA,NA,"10.00","-"
"1133","AFAR","Melka Werers ","April","2019","40.18154914","9.340880502","8.49","10.49"
"1134","AFAR","Sebat killo ","April","2019","8.983333333","40.16666667","8.25","-"
"1135","TIGRAY","Enda- silase ","August","2018","38.27211005","14.08944251","7.98","15.00"
"1136","TIGRAY","Enda- baguna ","August","2018","38.19317204","13.97860867","8.74","-"
"1137","TIGRAY","Adwa","August","2018","38.88818805","14.14845458","8.25","-"
"1138","TIGRAY","Axum","August","2018","38.71879888","14.11130791","9.10","-"
"1139","TIGRAY","Adigrat","August","2018","39.46033457","14.26667752","8.75","-"
"1140","TIGRAY","Wukiro","August","2018","39.599747","13.796083","8.50","12.80"
"1141","TIGRAY","Mai- chew ","August","2018","39.541533","12.78792086","-","14.80"
"1142","TIGRAY","Mekelle","August","2018","39.47221911","13.48719005","10.00","-"
"1143","AFAR","Ayisaeta","August","2018","41.43333","11.56667","8.94","10.95"
"1144","AFAR","Semera Logia ","August","2018",NA,NA,"8.00","11.49"
"1145","AFAR","Melka Werers ","August","2018","40.18154914","9.340880502","9.49","10.49"
"1146","AFAR","Sebat killo ","August","2018","8.983333333","40.16666667","8.00","-"
"1147","TIGRAY","Enda- silase ","December","2018","38.27211005","14.08944251","9.05","-"
"1148","TIGRAY","Enda- baguna ","December","2018","38.19317204","13.97860867","-","-"
"1149","TIGRAY","Adwa","December","2018","38.88818805","14.14845458","8.00","-"
"1150","TIGRAY","Axum","December","2018","38.71879888","14.11130791","-","-"
"1151","TIGRAY","Adigrat","December","2018","39.46033457","14.26667752","8.00","-"
"1152","TIGRAY","Wukiro","December","2018","39.599747","13.796083","8.00","12.21"
"1153","TIGRAY","Mai- chew ","December","2018","39.541533","12.78792086","10.65","13.35"
"1154","TIGRAY","Mekelle","December","2018","39.47221911","13.48719005","9.00","-"
"1155","AFAR","Ayisaeta","December","2018","41.43333","11.56667","6.00","12.00"
"1156","AFAR","Semera Logia ","December","2018",NA,NA,"10.00","-"
"1157","AFAR","Melka Werers ","December","2018","40.18154914","9.340880502","9.49","11.00"
"1158","AFAR","Sebat killo ","December","2018","8.983333333","40.16666667","7.25","-"
"1159","TIGRAY","Enda- silase ","February","2019","38.27211005","14.08944251","8.26","-"
"1160","TIGRAY","Enda- baguna ","February","2019","38.19317204","13.97860867","10.86","-"
"1161","TIGRAY","Adwa","February","2019","38.88818805","14.14845458","8.00","-"
"1162","TIGRAY","Axum","February","2019","38.71879888","14.11130791","16.31","-"
"1163","TIGRAY","Adigrat","February","2019","39.46033457","14.26667752","8.50","-"
"1164","TIGRAY","Wukiro","February","2019","39.599747","13.796083","8.40","12.40"
"1165","TIGRAY","Mai- chew ","February","2019","39.541533","12.78792086","9.28","13.45"
"1166","TIGRAY","Mekelle","February","2019","39.47221911","13.48719005","8.49","-"
"1167","AFAR","Ayisaeta","February","2019","41.43333","11.56667","6.48","11.49"
"1168","AFAR","Semera Logia ","February","2019",NA,NA,"10.00","-"
"1169","AFAR","Melka Werers ","February","2019","40.18154914","9.340880502","9.49","10.49"
"1170","AFAR","Sebat killo ","February","2019","8.983333333","40.16666667","8.25","-"
"1171","TIGRAY","Enda- silase ","January","2019","38.27211005","14.08944251","7.79","-"
"1172","TIGRAY","Enda- baguna ","January","2019","38.19317204","13.97860867","5.14","-"
"1173","TIGRAY","Adwa","January","2019","38.88818805","14.14845458","8.00","-"
"1174","TIGRAY","Axum","January","2019","38.71879888","14.11130791","-","-"
"1175","TIGRAY","Adigrat","January","2019","39.46033457","14.26667752","8.00","-"
"1176","TIGRAY","Wukiro","January","2019","39.599747","13.796083","8.25","12.21"
"1177","TIGRAY","Mai- chew ","January","2019","39.541533","12.78792086","9.79","11.47"
"1178","TIGRAY","Mekelle","January","2019","39.47221911","13.48719005","8.49","-"
"1179","AFAR","Ayisaeta","January","2019","41.43333","11.56667","6.00","12.00"
"1180","AFAR","Semera Logia ","January","2019",NA,NA,"10.00","-"
"1181","AFAR","Melka Werers ","January","2019","40.18154914","9.340880502","9.49","11.00"
"1182","AFAR","Sebat killo ","January","2019","8.983333333","40.16666667","8.00","-"
"1183","TIGRAY","Enda- silase ","July","2018","38.27211005","14.08944251","10.03","-"
"1184","TIGRAY","Enda- baguna ","July","2018","38.19317204","13.97860867","5.47","-"
"1185","TIGRAY","Adwa","July","2018","38.88818805","14.14845458","9.00","-"
"1186","TIGRAY","Axum","July","2018","38.71879888","14.11130791","9.10","-"
"1187","TIGRAY","Adigrat","July","2018","39.46033457","14.26667752","9.00","-"
"1188","TIGRAY","Wukiro","July","2018","39.599747","13.796083","8.50","12.60"
"1189","TIGRAY","Mai- chew ","July","2018","39.541533","12.78792086","9.91","13.04"
"1190","TIGRAY","Mekelle","July","2018","39.47221911","13.48719005","10.00","-"
"1191","AFAR","Ayisaeta","July","2018","41.43333","11.56667","6.48","11.49"
"1192","AFAR","Semera Logia ","July","2018",NA,NA,"8.00","-"
"1193","AFAR","Melka Werers ","July","2018","40.18154914","9.340880502","10.49","12.00"
"1194","AFAR","Sebat killo ","July","2018","8.983333333","40.16666667","8.00","-"
"1195","TIGRAY","Enda- silase ","March","2019","38.27211005","14.08944251","8.30","-"
"1196","TIGRAY","Enda- baguna ","March","2019","38.19317204","13.97860867","8.82","-"
"1197","TIGRAY","Adwa","March","2019","38.88818805","14.14845458","-","-"
"1198","TIGRAY","Axum","March","2019","38.71879888","14.11130791","-","-"
"1199","TIGRAY","Adigrat","March","2019","39.46033457","14.26667752","8.00","-"
"1200","TIGRAY","Wukiro","March","2019","39.599747","13.796083","8.00","12.40"
"1201","TIGRAY","Mai- chew ","March","2019","39.541533","12.78792086","9.72","15.36"
"1202","TIGRAY","Mekelle","March","2019","39.47221911","13.48719005","9.00","-"
"1203","AFAR","Asayieta","March","2019",NA,NA,"7.00","10.49"
"1204","AFAR","Semera Logia ","March","2019",NA,NA,"8.00","-"
"1205","AFAR","Melka Werers ","March","2019","40.18154914","9.340880502","9.49","10.49"
"1206","AFAR","Sebat killo ","March","2019","8.983333333","40.16666667","7.75","-"
"1207","TIGRAY","Enda- silase ","May","2019","38.27211005","14.08944251","10.49","12.49"
"1208","TIGRAY","Enda- baguna ","May","2019","38.19317204","13.97860867","-","-"
"1209","TIGRAY","Adwa","May","2019","38.88818805","14.14845458","10.00","-"
"1210","TIGRAY","Axum","May","2019","38.71879888","14.11130791","16.84","-"
"1211","TIGRAY","Adigrat","May","2019","39.46033457","14.26667752","9.50","-"
"1212","TIGRAY","Wukiro","May","2019","39.599747","13.796083","10.00","12.79"
"1213","TIGRAY","Mai- chew ","May","2019","39.541533","12.78792086","8.98","14.92"
"1214","TIGRAY","Mekelle","May","2019","39.47221911","13.48719005","9.49","-"
"1215","AFAR","Ayisaeta","May","2019","41.43333","11.56667","8.00","10.00"
"1216","AFAR","Semera Logia ","May","2019",NA,NA,"10.00","-"
"1217","AFAR","Melka Werers ","May","2019","40.18154914","9.340880502","9.00","11.00"
"1218","AFAR","Sebat killo ","May","2019","8.983333333","40.16666667","8.00","-"
"1219","TIGRAY","Enda- silase ","November","2018","38.27211005","14.08944251","7.91","-"
"1220","TIGRAY","Enda- baguna ","November","2018","38.19317204","13.97860867","5.44","-"
"1221","TIGRAY","Adwa","November","2018","38.88818805","14.14845458","8.25","-"
"1222","TIGRAY","Axum","November","2018","38.71879888","14.11130791","-","-"
"1223","TIGRAY","Adigrat","November","2018","39.46033457","14.26667752","8.75","-"
"1224","TIGRAY","Wukiro","November","2018","39.599747","13.796083","8.20","12.40"
"1225","TIGRAY","Mai- chew ","November","2018","39.541533","12.78792086","10.69","12.49"
"1226","TIGRAY","Mekelle","November","2018","39.47221911","13.48719005","9.49","-"
"1227","AFAR","Ayisaeta","November","2018","41.43333","11.56667","6.48","11.49"
"1228","AFAR","Semera Logia ","November","2018",NA,NA,"10.00","12.00"
"1229","AFAR","Melka Werers ","November","2018","40.18154914","9.340880502","9.00","10.00"
"1230","AFAR","Sebat killo ","November","2018","8.983333333","40.16666667","8.49","-"
"1231","TIGRAY","Enda- silase ","October","2018","38.27211005","14.08944251","7.77","14.49"
"1232","TIGRAY","Enda- baguna ","October","2018","38.19317204","13.97860867","7.55","-"
"1233","TIGRAY","Adwa","October","2018","38.88818805","14.14845458","8.50","-"
"1234","TIGRAY","Axum","October","2018","38.71879888","14.11130791","-","-"
"1235","TIGRAY","Adigrat","October","2018","39.46033457","14.26667752","8.50","-"
"1236","TIGRAY","Wukiro","October","2018","39.599747","13.796083","8.50","12.60"
"1237","TIGRAY","Mai- chew ","October","2018","39.541533","12.78792086","10.85","11.90"
"1238","TIGRAY","Mekelle","October","2018","39.47221911","13.48719005","8.00","-"
"1239","AFAR","Ayisaeta","October","2018","41.43333","11.56667","6.48","12.00"
"1240","AFAR","Semera Logia ","October","2018",NA,NA,"10.00","-"
"1241","AFAR","Melka Werers ","October","2018","40.18154914","9.340880502","9.49","11.00"
"1242","AFAR","Sebat killo ","October","2018","8.983333333","40.16666667","8.00","-"
"1243","TIGRAY","Enda- silase ","September","2018","38.27211005","14.08944251","7.97","-"
"1244","TIGRAY","Enda- baguna ","September","2018","38.19317204","13.97860867","8.65","-"
"1245","TIGRAY","Adwa","September","2018","38.88818805","14.14845458","8.50","-"
"1246","TIGRAY","Axum","September","2018","38.71879888","14.11130791","8.15","-"
"1247","TIGRAY","Adigrat","September","2018","39.46033457","14.26667752","9.00","-"
"1248","TIGRAY","Wukiro","September","2018","39.599747","13.796083","8.50","12.40"
"1249","TIGRAY","Mai- chew ","September","2018","39.541533","12.78792086","10.91","14.46"
"1250","TIGRAY","Mekelle","September","2018","39.47221911","13.48719005","9.00","-"
"1251","AFAR","Ayisaeta","September","2018","41.43333","11.56667","7.48","-"
"1252","AFAR","Semera Logia ","September","2018",NA,NA,"9.49","11.49"
"1253","AFAR","Melka Werers ","September","2018","40.18154914","9.340880502","8.49","10.72"
"1254","AFAR","Sebat killo ","September","2018","8.983333333","40.16666667","8.00","-"
