"","Region","Market","Month","Year","Longitude","Latitude","pkg.mai.maize","pkg.mai.millm"
"2","Addis","Addis Ababa","August",2017,38.793806,9.023748,10.72,12
"4","Addis","Addis Ababa","February",2018,38.793806,9.023748,10.72,15
"5","Addis","Addis Ababa","January",2018,38.793806,9.023748,10.945,13.5
"6","Addis","Addis Ababa","July",2017,38.793806,9.023748,10,NA
"7","Addis","Addis Ababa","June",2018,38.793806,9.023748,11,14.49
"8","Addis","Addis Ababa","March",2018,38.793806,9.023748,11.455,15
"9","Addis","Addis Ababa","May",2018,38.793806,9.023748,10.945,14
"10","Addis","Addis Ababa","November",2017,38.793806,9.023748,13.245,14
"11","Addis","Addis Ababa","October",2017,38.793806,9.023748,12.49,14
"12","Addis","Addis Ababa","September",2017,38.793806,9.023748,12.49,14
"13","Amhara","Chuahit","April",2018,39.311961,10.643157,7,NA
"14","Amhara","Gondar","April",2018,37.46149667,12.59878688,9,NA
"15","Amhara","Esete","April",2018,37.88657423,10.92298692,9.63,NA
"16","Amhara","Debre- Tabor ","April",2018,38.00833967,11.84769551,8.35,NA
"17","Amhara","Kobo","April",2018,39.63127424,12.16406542,6.7,NA
"18","Amhara","Weldiya","April",2018,39.6014117,11.82360232,9.81,NA
"19","Amhara","Kombolcha","April",2018,39.73724188,11.07807805,9.81,NA
"20","Amhara","Dessie","April",2018,39.63548793,11.11703902,7.2,NA
"21","Amhara","Shewa- Robit ","April",2018,39.90269733,10.00580856,8.66,NA
"22","Amhara","Debre-¦","April",2018,39.52890047,9.67650294,7.5,NA
"23","Amhara","Chuahit","August",2017,39.311961,10.643157,8,NA
"24","Amhara","Gondar","August",2017,37.46149667,12.59878688,9,NA
"25","Amhara","Esete","August",2017,37.88657423,10.92298692,9.65,NA
"26","Amhara","Debre- Tabor ","August",2017,38.00833967,11.84769551,10.22,NA
"27","Amhara","Kobo","August",2017,39.63127424,12.16406542,8.1,NA
"28","Amhara","Weldiya","August",2017,39.6014117,11.82360232,9.83,NA
"29","Amhara","Kombolcha","August",2017,39.73724188,11.07807805,8.5,NA
"30","Amhara","Dessie","August",2017,39.63548793,11.11703902,NA,NA
"31","Amhara","Shewa- Robit ","August",2017,39.90269733,10.00580856,9.75,NA
"32","Amhara","Debre-¦","August",2017,39.52890047,9.67650294,9,NA
"33","Amhara","Chuahit","December",2017,39.311961,10.643157,5.5,NA
"34","Amhara","Gondar","December",2017,37.46149667,12.59878688,7,NA
"35","Amhara","Esete","December",2017,37.88657423,10.92298692,8.33,NA
"36","Amhara","Debre- Tabor ","December",2017,38.00833967,11.84769551,9.69,NA
"37","Amhara","Kobo","December",2017,39.63127424,12.16406542,6.45,NA
"38","Amhara","Weldiya","December",2017,39.6014117,11.82360232,9.79,NA
"39","Amhara","Kombolcha","December",2017,39.73724188,11.07807805,5.5,NA
"40","Amhara","Dessie","December",2017,39.63548793,11.11703902,8,NA
"41","Amhara","Shewa- Robit ","December",2017,39.90269733,10.00580856,7.52,NA
"42","Amhara","Debre-¦","December",2017,39.52890047,9.67650294,7.25,NA
"43","Amhara","Chuahit","February",2018,39.311961,10.643157,6.5,NA
"44","Amhara","Gondar","February",2018,37.46149667,12.59878688,7.5,NA
"45","Amhara","Esete","February",2018,37.88657423,10.92298692,8.43,NA
"46","Amhara","Debre- Tabor ","February",2018,38.00833967,11.84769551,7.49,NA
"47","Amhara","Kobo","February",2018,39.63127424,12.16406542,6.76,NA
"48","Amhara","Weldiya","February",2018,39.6014117,11.82360232,9.84,NA
"49","Amhara","Kombolcha","February",2018,39.73724188,11.07807805,6.85,NA
"50","Amhara","Dessie","February",2018,39.63548793,11.11703902,8,NA
"51","Amhara","Shewa- Robit ","February",2018,39.90269733,10.00580856,7.28,NA
"52","Amhara","Debre-¦","February",2018,39.52890047,9.67650294,7.5,NA
"53","Amhara","Chuahit","January",2018,39.311961,10.643157,6.24,NA
"54","Amhara","Gondar","January",2018,37.46149667,12.59878688,7.5,NA
"55","Amhara","Esete","January",2018,37.88657423,10.92298692,8.22,NA
"56","Amhara","Debre- Tabor ","January",2018,38.00833967,11.84769551,7.45,NA
"57","Amhara","Kobo","January",2018,39.63127424,12.16406542,6.55,NA
"58","Amhara","Weldiya","January",2018,39.6014117,11.82360232,9.83,NA
"59","Amhara","Kombolcha","January",2018,39.73724188,11.07807805,6.24,NA
"60","Amhara","Dessie","January",2018,39.63548793,11.11703902,8.25,NA
"61","Amhara","Shewa- Robit ","January",2018,39.90269733,10.00580856,7.45,NA
"62","Amhara","Debre-¦","January",2018,39.52890047,9.67650294,7,NA
"63","Amhara","Chuahit","July",2017,39.311961,10.643157,8,NA
"64","Amhara","Gondar","July",2017,37.46149667,12.59878688,8.75,NA
"65","Amhara","Esete","July",2017,37.88657423,10.92298692,9.77,NA
"66","Amhara","Debre- Tabor ","July",2017,38.00833967,11.84769551,8.82,NA
"67","Amhara","Kobo","July",2017,39.63127424,12.16406542,6.4,NA
"68","Amhara","Weldiya","July",2017,39.6014117,11.82360232,9.83,NA
"69","Amhara","Kombolcha","July",2017,39.73724188,11.07807805,8.5,NA
"70","Amhara","Dessie","July",2017,39.63548793,11.11703902,6.5,NA
"71","Amhara","Shewa- Robit ","July",2017,39.90269733,10.00580856,7.45,NA
"72","Amhara","Debre-¦","July",2017,39.52890047,9.67650294,8,NA
"73","Amhara","Chuahit","June",2018,39.311961,10.643157,7.75,NA
"74","Amhara","Gondar","June",2018,37.46149667,12.59878688,8,NA
"75","Amhara","Esete","June",2018,37.88657423,10.92298692,8.39,NA
"76","Amhara","Debre- Tabor ","June",2018,38.00833967,11.84769551,8.94,NA
"77","Amhara","Kobo","June",2018,39.63127424,12.16406542,8.06,NA
"78","Amhara","Weldiya","June",2018,39.6014117,11.82360232,10.63,NA
"79","Amhara","Kombolcha","June",2018,39.73724188,11.07807805,9.47,NA
"80","Amhara","Dessie","June",2018,39.63548793,11.11703902,9.08,NA
"81","Amhara","Shewa- Robit ","June",2018,39.90269733,10.00580856,9.14,NA
"82","Amhara","Debre-¦","June",2018,39.52890047,9.67650294,8,NA
"83","Amhara","Chuahit","March",2018,39.311961,10.643157,8,NA
"84","Amhara","Gondar","March",2018,37.46149667,12.59878688,8,NA
"85","Amhara","Esete","March",2018,37.88657423,10.92298692,9.98,NA
"86","Amhara","Debre- Tabor ","March",2018,38.00833967,11.84769551,8.13,NA
"87","Amhara","Kobo","March",2018,39.63127424,12.16406542,6.95,NA
"88","Amhara","Weldiya","March",2018,39.6014117,11.82360232,9.81,NA
"89","Amhara","Kombolcha","March",2018,39.73724188,11.07807805,7.5,NA
"90","Amhara","Dessie","March",2018,39.63548793,11.11703902,8.25,NA
"91","Amhara","Shewa- Robit ","March",2018,39.90269733,10.00580856,8.3,NA
"92","Amhara","Debre-¦","March",2018,39.52890047,9.67650294,7.75,NA
"93","Amhara","Chuahit","May",2018,39.311961,10.643157,7,NA
"94","Amhara","Gondar","May",2018,37.46149667,12.59878688,7.75,NA
"95","Amhara","Esete","May",2018,37.88657423,10.92298692,8.31,NA
"96","Amhara","Debre- Tabor ","May",2018,38.00833967,11.84769551,8.08,NA
"97","Amhara","Kobo","May",2018,39.63127424,12.16406542,8.49,NA
"98","Amhara","Weldiya","May",2018,39.6014117,11.82360232,9.81,NA
"99","Amhara","Kombolcha","May",2018,39.73724188,11.07807805,9.64,NA
"100","Amhara","Dessie","May",2018,39.63548793,11.11703902,8.26,NA
"101","Amhara","Shewa- Robit ","May",2018,39.90269733,10.00580856,9.04,NA
"102","Amhara","Debre-¦","May",2018,39.52890047,9.67650294,7.75,NA
"103","Amhara","Chuahit","November",2017,39.311961,10.643157,NA,NA
"104","Amhara","Gondar","November",2017,37.46149667,12.59878688,8,NA
"105","Amhara","Esete","November",2017,37.88657423,10.92298692,10.14,NA
"106","Amhara","Debre- Tabor ","November",2017,38.00833967,11.84769551,10.76,NA
"107","Amhara","Kobo","November",2017,39.63127424,12.16406542,7.4,NA
"108","Amhara","Weldiya","November",2017,39.6014117,11.82360232,10.59,NA
"109","Amhara","Kombolcha","November",2017,39.73724188,11.07807805,10,NA
"110","Amhara","Dessie","November",2017,39.63548793,11.11703902,8.25,NA
"111","Amhara","Shewa- Robit ","November",2017,39.90269733,10.00580856,7.84,NA
"112","Amhara","Debre-¦","November",2017,39.52890047,9.67650294,7.5,NA
"113","Amhara","Chuahit","October",2017,39.311961,10.643157,9,NA
"114","Amhara","Gondar","October",2017,37.46149667,12.59878688,9.75,NA
"115","Amhara","Esete","October",2017,37.88657423,10.92298692,9.9,NA
"116","Amhara","Debre- Tabor ","October",2017,38.00833967,11.84769551,9.96,NA
"117","Amhara","Kobo","October",2017,39.63127424,12.16406542,7.65,NA
"118","Amhara","Weldiya","October",2017,39.6014117,11.82360232,9.01,NA
"119","Amhara","Kombolcha","October",2017,39.73724188,11.07807805,9.5,NA
"120","Amhara","Dessie","October",2017,39.63548793,11.11703902,8.5,NA
"121","Amhara","Shewa- Robit ","October",2017,39.90269733,10.00580856,9.16,NA
"122","Amhara","Debre-¦","October",2017,39.52890047,9.67650294,10,NA
"123","Amhara","Chuahit","September",2017,39.311961,10.643157,9.5,NA
"124","Amhara","Gondar","September",2017,37.46149667,12.59878688,9.5,NA
"125","Amhara","Esete","September",2017,37.88657423,10.92298692,9.82,NA
"126","Amhara","Debre- Tabor ","September",2017,38.00833967,11.84769551,9.74,NA
"127","Amhara","Kobo","September",2017,39.63127424,12.16406542,7.49,NA
"128","Amhara","Weldiya","September",2017,39.6014117,11.82360232,9.83,NA
"129","Amhara","Kombolcha","September",2017,39.73724188,11.07807805,9.5,NA
"130","Amhara","Dessie","September",2017,39.63548793,11.11703902,8.25,NA
"131","Amhara","Shewa- Robit ","September",2017,39.90269733,10.00580856,8.19,NA
"132","Amhara","Debre-¦","September",2017,39.52890047,9.67650294,9,NA
"133","Amhara","Mota","April",2018,37.8807432,11.07475582,6.5,NA
"134","Amhara","Debre- Markos ","April",2018,37.72636868,10.33641293,7,NA
"135","Amhara","Dembecha","April",2018,37.48251554,10.56669266,6.16,NA
"136","Amhara","Bahir- Dar ","April",2018,37.3815488,11.58416449,8.94,NA
"137","Amhara","Sekota","April",2018,39.03355257,12.62479803,8.58,NA
"138","Amhara","Amde Work ","April",2018,38.85815043,12.45920199,NA,NA
"139","Amhara","Danigla","April",2018,36.83153176,11.25223153,6.5,NA
"140","Amhara","Chagni","April",2018,36.50793596,10.95196565,6.5,NA
"141","Amhara","Kemise","April",2018,39.85696873,10.71374234,8.73,NA
"142","Amhara","Bati","April",2018,40.0181327,11.19153266,7.78,NA
"143","Amhara","Mota","August",2017,37.8807432,11.07475582,8.4,NA
"144","Amhara","Debre- Markos ","August",2017,37.72636868,10.33641293,10,NA
"145","Amhara","Dembecha","August",2017,37.48251554,10.56669266,9.69,NA
"146","Amhara","Bahir- Dar ","August",2017,37.3815488,11.58416449,8.49,NA
"147","Amhara","Sekota","August",2017,39.03355257,12.62479803,7.72,NA
"148","Amhara","Amde Work ","August",2017,38.85815043,12.45920199,NA,NA
"149","Amhara","Danigla","August",2017,36.83153176,11.25223153,10.5,NA
"150","Amhara","Chagni","August",2017,36.50793596,10.95196565,9,NA
"151","Amhara","Kemise","August",2017,39.85696873,10.71374234,9.13,NA
"152","Amhara","Bati","August",2017,40.0181327,11.19153266,10.16,NA
"153","Amhara","Mota","December",2017,37.8807432,11.07475582,6,NA
"154","Amhara","Debre- Markos ","December",2017,37.72636868,10.33641293,6,NA
"155","Amhara","Dembecha","December",2017,37.48251554,10.56669266,5.67,NA
"156","Amhara","Bahir- Dar ","December",2017,37.3815488,11.58416449,10,NA
"157","Amhara","Sekota","December",2017,39.03355257,12.62479803,7.7,NA
"158","Amhara","Amde Work ","December",2017,38.85815043,12.45920199,NA,NA
"159","Amhara","Danigla","December",2017,36.83153176,11.25223153,6.24,NA
"160","Amhara","Chagni","December",2017,36.50793596,10.95196565,6,NA
"161","Amhara","Kemise","December",2017,39.85696873,10.71374234,10.07,NA
"162","Amhara","Bati","December",2017,40.0181327,11.19153266,9.76,NA
"163","Amhara","Mota","February",2018,37.8807432,11.07475582,6,NA
"164","Amhara","Debre- Markos ","February",2018,37.72636868,10.33641293,6.5,NA
"165","Amhara","Dembecha","February",2018,37.48251554,10.56669266,6.16,NA
"166","Amhara","Bahir- Dar ","February",2018,37.3815488,11.58416449,6.48,NA
"167","Amhara","Sekota","February",2018,39.03355257,12.62479803,7.91,NA
"168","Amhara","Amde Work ","February",2018,38.85815043,12.45920199,NA,NA
"169","Amhara","Danigla","February",2018,36.83153176,11.25223153,6,NA
"170","Amhara","Chagni","February",2018,36.50793596,10.95196565,6,NA
"171","Amhara","Kemise","February",2018,39.85696873,10.71374234,8.2,NA
"172","Amhara","Bati","February",2018,40.0181327,11.19153266,8.13,NA
"173","Amhara","Mota","January",2018,37.8807432,11.07475582,6,NA
"174","Amhara","Debre- Markos ","January",2018,37.72636868,10.33641293,6.5,NA
"175","Amhara","Dembecha","January",2018,37.48251554,10.56669266,6.09,NA
"176","Amhara","Bahir- Dar ","January",2018,37.3815488,11.58416449,7.75,NA
"177","Amhara","Sekota","January",2018,39.03355257,12.62479803,7.96,NA
"178","Amhara","Amde Work ","January",2018,38.85815043,12.45920199,7.33,NA
"179","Amhara","Danigla","January",2018,36.83153176,11.25223153,6,NA
"180","Amhara","Chagni","January",2018,36.50793596,10.95196565,6,NA
"181","Amhara","Kemise","January",2018,39.85696873,10.71374234,8.34,NA
"182","Amhara","Bati","January",2018,40.0181327,11.19153266,8.13,NA
"183","Amhara","Mota","July",2017,37.8807432,11.07475582,7.5,NA
"184","Amhara","Debre- Markos ","July",2017,37.72636868,10.33641293,8.2,NA
"185","Amhara","Dembecha","July",2017,37.48251554,10.56669266,7.64,NA
"186","Amhara","Bahir- Dar ","July",2017,37.3815488,11.58416449,8,NA
"187","Amhara","Sekota","July",2017,39.03355257,12.62479803,7.57,NA
"188","Amhara","Amde Work ","July",2017,38.85815043,12.45920199,8.49,NA
"189","Amhara","Danigla","July",2017,36.83153176,11.25223153,7.25,NA
"190","Amhara","Chagni","July",2017,36.50793596,10.95196565,8,NA
"191","Amhara","Kemise","July",2017,39.85696873,10.71374234,8.8,NA
"192","Amhara","Bati","July",2017,40.0181327,11.19153266,8.06,NA
"193","Amhara","Mota","June",2018,37.8807432,11.07475582,NA,NA
"194","Amhara","Debre- Markos ","June",2018,37.72636868,10.33641293,8,NA
"195","Amhara","Dembecha","June",2018,37.48251554,10.56669266,7.04,NA
"196","Amhara","Bahir- Dar ","June",2018,37.3815488,11.58416449,9.49,NA
"197","Amhara","Sekota","June",2018,39.03355257,12.62479803,8.52,NA
"198","Amhara","Amde Work ","June",2018,38.85815043,12.45920199,NA,NA
"199","Amhara","Danigla","June",2018,36.83153176,11.25223153,NA,NA
"200","Amhara","Chagni","June",2018,36.50793596,10.95196565,7,NA
"201","Amhara","Kemise","June",2018,39.85696873,10.71374234,8.2,NA
"202","Amhara","Bati","June",2018,40.0181327,11.19153266,8.3,NA
"203","Amhara","Mota","March",2018,37.8807432,11.07475582,6.5,NA
"204","Amhara","Debre- Markos ","March",2018,37.72636868,10.33641293,7,NA
"205","Amhara","Dembecha","March",2018,37.48251554,10.56669266,5.98,NA
"206","Amhara","Bahir- Dar ","March",2018,37.3815488,11.58416449,9.49,NA
"207","Amhara","Sekota","March",2018,39.03355257,12.62479803,8.26,NA
"208","Amhara","Amde Work ","March",2018,38.85815043,12.45920199,NA,NA
"209","Amhara","Danigla","March",2018,36.83153176,11.25223153,6.5,NA
"210","Amhara","Chagni","March",2018,36.50793596,10.95196565,NA,NA
"211","Amhara","Kemise","March",2018,39.85696873,10.71374234,9.05,NA
"212","Amhara","Bati","March",2018,40.0181327,11.19153266,8.19,NA
"213","Amhara","Mota","May",2018,37.8807432,11.07475582,7,NA
"214","Amhara","Debre- Markos ","May",2018,37.72636868,10.33641293,7.5,NA
"215","Amhara","Dembecha","May",2018,37.48251554,10.56669266,6.14,NA
"216","Amhara","Bahir- Dar ","May",2018,37.3815488,11.58416449,10,NA
"217","Amhara","Sekota","May",2018,39.03355257,12.62479803,8.53,NA
"218","Amhara","Amde Work ","May",2018,38.85815043,12.45920199,8.57,NA
"219","Amhara","Danigla","May",2018,36.83153176,11.25223153,6.3,NA
"220","Amhara","Chagni","May",2018,36.50793596,10.95196565,6.5,NA
"221","Amhara","Kemise","May",2018,39.85696873,10.71374234,9.04,NA
"222","Amhara","Bati","May",2018,40.0181327,11.19153266,8.06,NA
"223","Amhara","Mota","November",2017,37.8807432,11.07475582,6,NA
"224","Amhara","Debre- Markos ","November",2017,37.72636868,10.33641293,7.5,NA
"225","Amhara","Dembecha","November",2017,37.48251554,10.56669266,6.23,NA
"226","Amhara","Bahir- Dar ","November",2017,37.3815488,11.58416449,10.49,NA
"227","Amhara","Sekota","November",2017,39.03355257,12.62479803,7.45,NA
"228","Amhara","Amde Work ","November",2017,38.85815043,12.45920199,NA,NA
"229","Amhara","Danigla","November",2017,36.83153176,11.25223153,8.75,NA
"230","Amhara","Chagni","November",2017,36.50793596,10.95196565,9,NA
"231","Amhara","Kemise","November",2017,39.85696873,10.71374234,8.75,NA
"232","Amhara","Bati","November",2017,40.0181327,11.19153266,10.08,NA
"233","Amhara","Mota","October",2017,37.8807432,11.07475582,8,NA
"234","Amhara","Debre- Markos ","October",2017,37.72636868,10.33641293,9.27,NA
"235","Amhara","Dembecha","October",2017,37.48251554,10.56669266,9.27,NA
"236","Amhara","Bahir- Dar ","October",2017,37.3815488,11.58416449,11.49,NA
"237","Amhara","Sekota","October",2017,39.03355257,12.62479803,7.7,NA
"238","Amhara","Amde Work ","October",2017,38.85815043,12.45920199,NA,NA
"239","Amhara","Danigla","October",2017,36.83153176,11.25223153,8,NA
"240","Amhara","Chagni","October",2017,36.50793596,10.95196565,9,NA
"241","Amhara","Kemise","October",2017,39.85696873,10.71374234,8.73,NA
"242","Amhara","Bati","October",2017,40.0181327,11.19153266,10.25,NA
"243","Amhara","Mota","September",2017,37.8807432,11.07475582,8,NA
"244","Amhara","Debre- Markos ","September",2017,37.72636868,10.33641293,9.5,NA
"245","Amhara","Dembecha","September",2017,37.48251554,10.56669266,8.33,NA
"246","Amhara","Bahir- Dar ","September",2017,37.3815488,11.58416449,10.49,NA
"247","Amhara","Sekota","September",2017,39.03355257,12.62479803,7.7,NA
"248","Amhara","Amde Work ","September",2017,38.85815043,12.45920199,NA,NA
"249","Amhara","Danigla","September",2017,36.83153176,11.25223153,8.5,NA
"250","Amhara","Chagni","September",2017,36.50793596,10.95196565,9.75,NA
"251","Amhara","Kemise","September",2017,39.85696873,10.71374234,8.27,NA
"252","Amhara","Bati","September",2017,40.0181327,11.19153266,10.88,NA
"253","Gambella","Gambella","April",2018,34.58547076,8.249396585,8.49,10
"254","Gambella","Shebo- Kire ","April",2018,NA,NA,7.75,NA
"255","Gambella","Meti","April",2018,7.233333333,35.31666667,7.21,9
"256","Gambella","Gambella","August",2017,34.58547076,8.249396585,10,12
"257","Gambella","Shebo- Kire ","August",2017,NA,NA,6.04,NA
"258","Gambella","Meti","August",2017,7.233333333,35.31666667,9.5,9
"259","Gambella","Gambella","December",2017,34.58547076,8.249396585,7.48,9.49
"260","Gambella","Shebo- Kire ","December",2017,NA,NA,5.24,NA
"261","Gambella","Meti","December",2017,7.233333333,35.31666667,6,8
"262","Gambella","Gambella","February",2018,34.58547076,8.249396585,8.49,10.95
"263","Gambella","Shebo- Kire ","February",2018,NA,NA,6.48,NA
"264","Gambella","Meti","February",2018,7.233333333,35.31666667,6,8
"265","Gambella","Gambella","January",2018,34.58547076,8.249396585,NA,NA
"266","Gambella","Shebo- Kire ","January",2018,NA,NA,6.24,NA
"267","Gambella","Meti","January",2018,7.233333333,35.31666667,7,7
"268","Gambella","Gambella","July",2017,34.58547076,8.249396585,10,11
"269","Gambella","Shebo- Kire ","July",2017,NA,NA,6.8,NA
"270","Gambella","Meti","July",2017,7.233333333,35.31666667,8,7
"271","Gambella","Gambella","June",2018,34.58547076,8.249396585,10.49,11.49
"272","Gambella","Shebo- Kire ","June",2018,NA,NA,8,NA
"273","Gambella","Meti","June",2018,7.233333333,35.31666667,9,NA
"274","Gambella","Gambella","March",2018,34.58547076,8.249396585,8.49,10.95
"275","Gambella","Shebo- Kire ","March",2018,NA,NA,6.78,NA
"276","Gambella","Meti","March",2018,7.233333333,35.31666667,6,6
"277","Gambella","Gambella","May",2018,34.58547076,8.249396585,9.49,10.95
"278","Gambella","Shebo- Kire ","May",2018,NA,NA,8.04,NA
"279","Gambella","Meti","May",2018,7.233333333,35.31666667,8,9
"280","Gambella","Gambella","November",2017,34.58547076,8.249396585,7,12
"281","Gambella","Shebo- Kire ","November",2017,NA,NA,5.02,NA
"282","Gambella","Meti","November",2017,7.233333333,35.31666667,8,8
"283","Gambella","Gambella","October",2017,34.58547076,8.249396585,21,24
"284","Gambella","Shebo- Kire ","October",2017,NA,NA,5.05,NA
"285","Gambella","Meti","October",2017,7.233333333,35.31666667,7,NA
"286","Gambella","Gambella","September",2017,34.58547076,8.249396585,11,12
"287","Gambella","Shebo- Kire ","September",2017,NA,NA,6.24,NA
"288","Gambella","Meti","September",2017,7.233333333,35.31666667,10,9
"289","Oromiya","Ghimbi","April",2018,35.83291974,9.163103789,7,9.49
"290","Oromiya","Dembi- Dolo ","April",2018,34.79748694,8.530219501,6.5,NA
"291","Oromiya","Shambu","April",2018,37.09431432,9.569809208,7,NA
"292","Oromiya","Nekemte","April",2018,36.54851971,9.09042469,7,7.47
"293","Oromiya","Bedele","April",2018,36.36017384,8.454821965,6,7.5
"294","Oromiya","Metu","April",2018,35.58726864,8.300606827,6.24,10
"295","Oromiya","Jimma","April",2018,36.84385226,7.672338798,10.49,13
"296","Oromiya","Agaro","April",2018,36.58627683,7.848002731,5.88,10
"297","Oromiya","Ambo","April",2018,37.8446066,8.976806527,7.49,NA
"298","Oromiya","Weliso","April",2018,37.97073066,8.534178897,6.56,9.01
"299","Oromiya","Ejere","April",2018,39.262249,8.78288,7.84,NA
"300","Oromiya","Fiche","April",2018,38.73344116,9.791083661,8.2,NA
"301","Oromiya","Ghimbi","August",2017,35.83291974,9.163103789,8,9
"302","Oromiya","Dembi- Dolo ","August",2017,34.79748694,8.530219501,6,NA
"303","Oromiya","Shambu","August",2017,37.09431432,9.569809208,8,NA
"304","Oromiya","Nekemte","August",2017,36.54851971,9.09042469,8.3,9.47
"305","Oromiya","Bedele","August",2017,36.36017384,8.454821965,8.25,10
"306","Oromiya","Metu","August",2017,35.58726864,8.300606827,8.25,10.25
"307","Oromiya","Jimma","August",2017,36.84385226,7.672338798,11.49,13
"308","Oromiya","Agaro","August",2017,36.58627683,7.848002731,9.41,14
"309","Oromiya","Ambo","August",2017,37.8446066,8.976806527,10.65,NA
"310","Oromiya","Weliso","August",2017,37.97073066,8.534178897,10.18,11.16
"311","Oromiya","Ejere","August",2017,39.262249,8.78288,8.78,NA
"312","Oromiya","Fiche","August",2017,38.73344116,9.791083661,9.02,NA
"313","Oromiya","Ghimbi","December",2017,35.83291974,9.163103789,7.48,10
"314","Oromiya","Dembi- Dolo ","December",2017,34.79748694,8.530219501,6,NA
"315","Oromiya","Shambu","December",2017,37.09431432,9.569809208,9,NA
"316","Oromiya","Nekemte","December",2017,36.54851971,9.09042469,5.4,8.44
"317","Oromiya","Bedele","December",2017,36.36017384,8.454821965,5.4,7.5
"318","Oromiya","Metu","December",2017,35.58726864,8.300606827,6.48,9.25
"319","Oromiya","Jimma","December",2017,36.84385226,7.672338798,8.94,13
"320","Oromiya","Agaro","December",2017,36.58627683,7.848002731,5.88,10
"321","Oromiya","Ambo","December",2017,37.8446066,8.976806527,6.25,NA
"322","Oromiya","Weliso","December",2017,37.97073066,8.534178897,6.17,8.93
"323","Oromiya","Ejere","December",2017,39.262249,8.78288,6.9,NA
"324","Oromiya","Fiche","December",2017,38.73344116,9.791083661,8.27,NA
"325","Oromiya","Ghimbi","February",2018,35.83291974,9.163103789,7,9.49
"326","Oromiya","Dembi- Dolo ","February",2018,34.79748694,8.530219501,6,NA
"327","Oromiya","Shambu","February",2018,37.09431432,9.569809208,8,NA
"328","Oromiya","Nekemte","February",2018,36.54851971,9.09042469,7.75,8.73
"329","Oromiya","Bedele","February",2018,36.36017384,8.454821965,6,7.5
"330","Oromiya","Metu","February",2018,35.58726864,8.300606827,7.25,NA
"331","Oromiya","Jimma","February",2018,36.84385226,7.672338798,10.95,13
"332","Oromiya","Agaro","February",2018,36.58627683,7.848002731,6.47,10
"333","Oromiya","Ambo","February",2018,37.8446066,8.976806527,7.69,NA
"334","Oromiya","Weliso","February",2018,37.97073066,8.534178897,6.33,8.85
"335","Oromiya","Ejere","February",2018,39.262249,8.78288,7.18,NA
"336","Oromiya","Fiche","February",2018,38.73344116,9.791083661,7.78,NA
"337","Oromiya","Ghimbi","January",2018,35.83291974,9.163103789,7,8.94
"338","Oromiya","Dembi- Dolo ","January",2018,34.79748694,8.530219501,5,NA
"339","Oromiya","Shambu","January",2018,37.09431432,9.569809208,8.5,NA
"340","Oromiya","Nekemte","January",2018,36.54851971,9.09042469,6.65,9.32
"341","Oromiya","Bedele","January",2018,36.36017384,8.454821965,5.4,7.5
"342","Oromiya","Metu","January",2018,35.58726864,8.300606827,6.24,8.49
"343","Oromiya","Jimma","January",2018,36.84385226,7.672338798,8.49,13
"344","Oromiya","Agaro","January",2018,36.58627683,7.848002731,5.88,8
"345","Oromiya","Ambo","January",2018,37.8446066,8.976806527,7.76,NA
"346","Oromiya","Weliso","January",2018,37.97073066,8.534178897,5.82,8.77
"347","Oromiya","Ejere","January",2018,39.262249,8.78288,7.29,NA
"348","Oromiya","Fiche","January",2018,38.73344116,9.791083661,7.72,NA
"349","Oromiya","Ghimbi","July",2017,35.83291974,9.163103789,8,8
"350","Oromiya","Dembi- Dolo ","July",2017,34.79748694,8.530219501,6,NA
"351","Oromiya","Shambu","July",2017,37.09431432,9.569809208,6.5,NA
"352","Oromiya","Nekemte","July",2017,36.54851971,9.09042469,8,8.65
"353","Oromiya","Bedele","July",2017,36.36017384,8.454821965,8.25,10
"354","Oromiya","Metu","July",2017,35.58726864,8.300606827,7.75,10.25
"355","Oromiya","Jimma","July",2017,36.84385226,7.672338798,7.48,9.49
"356","Oromiya","Agaro","July",2017,36.58627683,7.848002731,7.65,NA
"357","Oromiya","Ambo","July",2017,37.8446066,8.976806527,NA,NA
"358","Oromiya","Weliso","July",2017,37.97073066,8.534178897,9.09,10.37
"359","Oromiya","Ejere","July",2017,39.262249,8.78288,8.51,NA
"360","Oromiya","Fiche","July",2017,38.73344116,9.791083661,7.85,NA
"361","Oromiya","Ghimbi","June",2018,35.83291974,9.163103789,7.5,9
"362","Oromiya","Dembi- Dolo ","June",2018,34.79748694,8.530219501,6.5,NA
"363","Oromiya","Shambu","June",2018,37.09431432,9.569809208,7,NA
"364","Oromiya","Nekemte","June",2018,36.54851971,9.09042469,7,9.82
"365","Oromiya","Bedele","June",2018,36.36017384,8.454821965,7,10
"366","Oromiya","Metu","June",2018,35.58726864,8.300606827,7.25,10.49
"367","Oromiya","Jimma","June",2018,36.84385226,7.672338798,10,11
"368","Oromiya","Agaro","June",2018,36.58627683,7.848002731,7.65,12.49
"369","Oromiya","Ambo","June",2018,37.8446066,8.976806527,10.32,NA
"370","Oromiya","Weliso","June",2018,37.97073066,8.534178897,10.57,12.28
"371","Oromiya","Ejere","June",2018,39.262249,8.78288,9.57,NA
"372","Oromiya","Fiche","June",2018,38.73344116,9.791083661,10.13,NA
"373","Oromiya","Ghimbi","March",2018,35.83291974,9.163103789,7,10
"374","Oromiya","Dembi- Dolo ","March",2018,34.79748694,8.530219501,5.5,NA
"375","Oromiya","Shambu","March",2018,37.09431432,9.569809208,8.5,NA
"376","Oromiya","Nekemte","March",2018,36.54851971,9.09042469,8,9.57
"377","Oromiya","Bedele","March",2018,36.36017384,8.454821965,6,7.5
"378","Oromiya","Metu","March",2018,35.58726864,8.300606827,7,10
"379","Oromiya","Jimma","March",2018,36.84385226,7.672338798,11,14
"380","Oromiya","Agaro","March",2018,36.58627683,7.848002731,7.06,10
"381","Oromiya","Ambo","March",2018,37.8446066,8.976806527,7.83,NA
"382","Oromiya","Weliso","March",2018,37.97073066,8.534178897,7.02,10.72
"383","Oromiya","Ejere","March",2018,39.262249,8.78288,7.59,NA
"384","Oromiya","Fiche","March",2018,38.73344116,9.791083661,8.32,NA
"385","Oromiya","Ghimbi","May",2018,35.83291974,9.163103789,7,10
"386","Oromiya","Dembi- Dolo ","May",2018,34.79748694,8.530219501,6,NA
"387","Oromiya","Shambu","May",2018,37.09431432,9.569809208,7,NA
"388","Oromiya","Nekemte","May",2018,36.54851971,9.09042469,8,10.06
"389","Oromiya","Bedele","May",2018,36.36017384,8.454821965,7,10
"390","Oromiya","Metu","May",2018,35.58726864,8.300606827,7.25,10
"391","Oromiya","Jimma","May",2018,36.84385226,7.672338798,9,10
"392","Oromiya","Agaro","May",2018,36.58627683,7.848002731,6.47,11.49
"393","Oromiya","Ambo","May",2018,37.8446066,8.976806527,7.5,NA
"394","Oromiya","Weliso","May",2018,37.97073066,8.534178897,7.2,9.26
"395","Oromiya","Ejere","May",2018,39.262249,8.78288,8.42,NA
"396","Oromiya","Fiche","May",2018,38.73344116,9.791083661,9.28,NA
"397","Oromiya","Ghimbi","November",2017,35.83291974,9.163103789,9,10
"398","Oromiya","Dembi- Dolo ","November",2017,34.79748694,8.530219501,6,NA
"399","Oromiya","Shambu","November",2017,37.09431432,9.569809208,8.6,NA
"400","Oromiya","Nekemte","November",2017,36.54851971,9.09042469,6,9.2
"401","Oromiya","Bedele","November",2017,36.36017384,8.454821965,5,7.5
"402","Oromiya","Metu","November",2017,35.58726864,8.300606827,6.75,9.49
"403","Oromiya","Jimma","November",2017,36.84385226,7.672338798,10.05,14
"404","Oromiya","Agaro","November",2017,36.58627683,7.848002731,NA,10.49
"405","Oromiya","Ambo","November",2017,37.8446066,8.976806527,11.23,NA
"406","Oromiya","Weliso","November",2017,37.97073066,8.534178897,8.77,13.21
"407","Oromiya","Ejere","November",2017,39.262249,8.78288,9.24,NA
"408","Oromiya","Fiche","November",2017,38.73344116,9.791083661,9.74,NA
"409","Oromiya","Ghimbi","October",2017,35.83291974,9.163103789,9,10
"410","Oromiya","Dembi- Dolo ","October",2017,34.79748694,8.530219501,6.5,NA
"411","Oromiya","Shambu","October",2017,37.09431432,9.569809208,8.25,NA
"412","Oromiya","Nekemte","October",2017,36.54851971,9.09042469,9,10.2
"413","Oromiya","Bedele","October",2017,36.36017384,8.454821965,18,NA
"414","Oromiya","Metu","October",2017,35.58726864,8.300606827,8.49,10.49
"415","Oromiya","Jimma","October",2017,36.84385226,7.672338798,12,13
"416","Oromiya","Agaro","October",2017,36.58627683,7.848002731,8.24,11.49
"417","Oromiya","Ambo","October",2017,37.8446066,8.976806527,10.34,NA
"418","Oromiya","Weliso","October",2017,37.97073066,8.534178897,10.41,13.73
"419","Oromiya","Ejere","October",2017,39.262249,8.78288,10.33,NA
"420","Oromiya","Fiche","October",2017,38.73344116,9.791083661,9.91,NA
"421","Oromiya","Ghimbi","September",2017,35.83291974,9.163103789,9,10
"422","Oromiya","Dembi- Dolo ","September",2017,34.79748694,8.530219501,7.2,NA
"423","Oromiya","Shambu","September",2017,37.09431432,9.569809208,8,NA
"424","Oromiya","Nekemte","September",2017,36.54851971,9.09042469,9,11.12
"425","Oromiya","Bedele","September",2017,36.36017384,8.454821965,9,NA
"426","Oromiya","Metu","September",2017,35.58726864,8.300606827,7.48,9.49
"427","Oromiya","Jimma","September",2017,36.84385226,7.672338798,11.49,13
"428","Oromiya","Agaro","September",2017,36.58627683,7.848002731,9.7,13
"429","Oromiya","Ambo","September",2017,37.8446066,8.976806527,10.32,NA
"430","Oromiya","Weliso","September",2017,37.97073066,8.534178897,10.57,12.28
"431","Oromiya","Ejere","September",2017,39.262249,8.78288,9.57,NA
"432","Oromiya","Fiche","September",2017,38.73344116,9.791083661,10.13,NA
"433","Oromiya","Adama","April",2018,39.26941988,8.535362997,10,13
"434","Oromiya","Shashe- Mene ","April",2018,38.608142,7.205388,8,NA
"435","Oromiya","Diksise","April",2018,39.55824,8.059179,10,NA
"436","Oromiya","Asella","April",2018,39.12972322,7.949589951,8,12
"437","Oromiya","Asebe- Teferi ","April",2018,40.86319806,9.072493603,8.94,11.49
"438","Oromiya","Bedessa","April",2018,40.77378712,8.902011546,8,10
"439","Oromiya","Haromaya","April",2018,42.01641123,9.379383214,10,12
"440","Oromiya","Boreda","April",2018,41.278686,9.331067,10,NA
"441","Oromiya","Adaba","April",2018,39.3890878,7.004454253,10.18,14
"442","Oromiya","Robe","April",2018,39.631104,7.860619,8.87,15
"443","Oromiya","Hagere- Mariam ","April",2018,38.23373735,5.63380625,8,9
"444","Oromiya","Negele- Borena ","April",2018,39.577385,5.33699,14,14
"445","Oromiya","Adama","August",2017,39.26941988,8.535362997,10,12
"446","Oromiya","Shashe- Mene ","August",2017,38.608142,7.205388,10,NA
"447","Oromiya","Diksise","August",2017,39.55824,8.059179,10,NA
"448","Oromiya","Asella","August",2017,39.12972322,7.949589951,9,12
"449","Oromiya","Asebe- Teferi ","August",2017,40.86319806,9.072493603,9.75,11
"450","Oromiya","Bedessa","August",2017,40.77378712,8.902011546,10.25,12
"451","Oromiya","Haromaya","August",2017,42.01641123,9.379383214,9,NA
"452","Oromiya","Boreda","August",2017,41.278686,9.331067,7,NA
"453","Oromiya","Adaba","August",2017,39.3890878,7.004454253,6.92,11
"454","Oromiya","Robe","August",2017,39.631104,7.860619,7.91,13
"455","Oromiya","Hagere- Mariam ","August",2017,38.23373735,5.63380625,10.49,11.34
"456","Oromiya","Negele- Borena ","August",2017,39.577385,5.33699,9.49,11
"457","Oromiya","Adama","December",2017,39.26941988,8.535362997,10,12.49
"458","Oromiya","Shashe- Mene ","December",2017,38.608142,7.205388,8,NA
"459","Oromiya","Diksise","December",2017,39.55824,8.059179,10.15,NA
"460","Oromiya","Asella","December",2017,39.12972322,7.949589951,7,NA
"461","Oromiya","Asebe- Teferi ","December",2017,40.86319806,9.072493603,8.49,11.49
"462","Oromiya","Bedessa","December",2017,40.77378712,8.902011546,7,9
"463","Oromiya","Haromaya","December",2017,42.01641123,9.379383214,9,11.49
"464","Oromiya","Boreda","December",2017,41.278686,9.331067,9.49,NA
"465","Oromiya","Adaba","December",2017,39.3890878,7.004454253,8.33,12
"466","Oromiya","Robe","December",2017,39.631104,7.860619,7.44,14.49
"467","Oromiya","Hagere- Mariam ","December",2017,38.23373735,5.63380625,10,11
"468","Oromiya","Negele- Borena ","December",2017,39.577385,5.33699,8,13
"469","Oromiya","Adama","February",2018,39.26941988,8.535362997,9,12.49
"470","Oromiya","Shashe- Mene ","February",2018,38.608142,7.205388,8,NA
"471","Oromiya","Diksise","February",2018,39.55824,8.059179,10,NA
"472","Oromiya","Asella","February",2018,39.12972322,7.949589951,7.48,14
"473","Oromiya","Asebe- Teferi ","February",2018,40.86319806,9.072493603,9,10
"474","Oromiya","Bedessa","February",2018,40.77378712,8.902011546,7.5,9
"475","Oromiya","Haromaya","February",2018,42.01641123,9.379383214,10,10.49
"476","Oromiya","Boreda","February",2018,41.278686,9.331067,10,NA
"477","Oromiya","Adaba","February",2018,39.3890878,7.004454253,6.97,13
"478","Oromiya","Robe","February",2018,39.631104,7.860619,6.41,15
"479","Oromiya","Hagere- Mariam ","February",2018,38.23373735,5.63380625,8,9
"480","Oromiya","Negele- Borena ","February",2018,39.577385,5.33699,7.25,13
"481","Oromiya","Adama","January",2018,39.26941988,8.535362997,9.49,12.49
"482","Oromiya","Shashe- Mene ","January",2018,38.608142,7.205388,8.5,NA
"483","Oromiya","Diksise","January",2018,39.55824,8.059179,10,NA
"484","Oromiya","Asella","January",2018,39.12972322,7.949589951,7.48,14
"485","Oromiya","Asebe- Teferi ","January",2018,40.86319806,9.072493603,8,10
"486","Oromiya","Bedessa","January",2018,40.77378712,8.902011546,8,10
"487","Oromiya","Haromaya","January",2018,42.01641123,9.379383214,8.49,11
"488","Oromiya","Boreda","January",2018,41.278686,9.331067,9,NA
"489","Oromiya","Adaba","January",2018,39.3890878,7.004454253,7.32,13
"490","Oromiya","Robe","January",2018,39.631104,7.860619,6.52,14
"491","Oromiya","Hagere- Mariam ","January",2018,38.23373735,5.63380625,10,11
"492","Oromiya","Negele- Borena ","January",2018,39.577385,5.33699,7,13.49
"493","Oromiya","Adama","July",2017,39.26941988,8.535362997,10,12.49
"494","Oromiya","Shashe- Mene ","July",2017,38.608142,7.205388,9,NA
"495","Oromiya","Diksise","July",2017,39.55824,8.059179,10,NA
"496","Oromiya","Asella","July",2017,39.12972322,7.949589951,8.49,12
"497","Oromiya","Asebe- Teferi ","July",2017,40.86319806,9.072493603,8,9
"498","Oromiya","Bedessa","July",2017,40.77378712,8.902011546,7,10.49
"499","Oromiya","Haromaya","July",2017,42.01641123,9.379383214,9,10
"500","Oromiya","Boreda","July",2017,41.278686,9.331067,7.25,NA
"501","Oromiya","Adaba","July",2017,39.3890878,7.004454253,6.88,10
"502","Oromiya","Robe","July",2017,39.631104,7.860619,7.66,13
"503","Oromiya","Hagere- Mariam ","July",2017,38.23373735,5.63380625,9,9.7
"504","Oromiya","Negele- Borena ","July",2017,39.577385,5.33699,8,12
"505","Oromiya","Adama","June",2018,39.26941988,8.535362997,9.49,13.49
"506","Oromiya","Shashe- Mene ","June",2018,38.608142,7.205388,9,12
"507","Oromiya","Diksise","June",2018,39.55824,8.059179,10,NA
"508","Oromiya","Asella","June",2018,39.12972322,7.949589951,9,14
"509","Oromiya","Asebe- Teferi ","June",2018,40.86319806,9.072493603,8,10
"510","Oromiya","Bedessa","June",2018,40.77378712,8.902011546,8.25,13
"511","Oromiya","Haromaya","June",2018,42.01641123,9.379383214,10,12.49
"512","Oromiya","Boreda","June",2018,41.278686,9.331067,9.49,NA
"513","Oromiya","Adaba","June",2018,39.3890878,7.004454253,8.56,15
"514","Oromiya","Robe","June",2018,39.631104,7.860619,7.53,14.49
"515","Oromiya","Hagere- Mariam ","June",2018,38.23373735,5.63380625,8,9
"516","Oromiya","Negele- Borena ","June",2018,39.577385,5.33699,8.75,13.49
"517","Oromiya","Adama","March",2018,39.26941988,8.535362997,9.75,12.49
"518","Oromiya","Shashe- Mene ","March",2018,38.608142,7.205388,8,NA
"519","Oromiya","Diksise","March",2018,39.55824,8.059179,10,NA
"520","Oromiya","Asella","March",2018,39.12972322,7.949589951,7.75,14
"521","Oromiya","Asebe- Teferi ","March",2018,40.86319806,9.072493603,8,11
"522","Oromiya","Bedessa","March",2018,40.77378712,8.902011546,7.75,10
"523","Oromiya","Haromaya","March",2018,42.01641123,9.379383214,10,12.49
"524","Oromiya","Boreda","March",2018,41.278686,9.331067,10,NA
"525","Oromiya","Adaba","March",2018,39.3890878,7.004454253,8.65,13.49
"526","Oromiya","Robe","March",2018,39.631104,7.860619,8.02,15
"527","Oromiya","Hagere- Mariam ","March",2018,38.23373735,5.63380625,8,9
"528","Oromiya","Negele- Borena ","March",2018,39.577385,5.33699,6.71,13.49
"529","Oromiya","Adama","May",2018,39.26941988,8.535362997,10,13.49
"530","Oromiya","Shashe- Mene ","May",2018,38.608142,7.205388,8.75,NA
"531","Oromiya","Diksise","May",2018,39.55824,8.059179,10,NA
"532","Oromiya","Asella","May",2018,39.12972322,7.949589951,8,14
"533","Oromiya","Asebe- Teferi ","May",2018,40.86319806,9.072493603,8,10
"534","Oromiya","Bedessa","May",2018,40.77378712,8.902011546,7.75,13
"535","Oromiya","Haromaya","May",2018,42.01641123,9.379383214,10,12.49
"536","Oromiya","Boreda","May",2018,41.278686,9.331067,10,NA
"537","Oromiya","Adaba","May",2018,39.3890878,7.004454253,8.17,13.49
"538","Oromiya","Robe","May",2018,39.631104,7.860619,10.18,14.49
"539","Oromiya","Hagere- Mariam ","May",2018,38.23373735,5.63380625,9,10
"540","Oromiya","Negele- Borena ","May",2018,39.577385,5.33699,9,13
"541","Oromiya","Adama","November",2017,39.26941988,8.535362997,12,14
"542","Oromiya","Shashe- Mene ","November",2017,38.608142,7.205388,9,NA
"543","Oromiya","Diksise","November",2017,39.55824,8.059179,10,NA
"544","Oromiya","Asella","November",2017,39.12972322,7.949589951,10,14
"545","Oromiya","Asebe- Teferi ","November",2017,40.86319806,9.072493603,10,12
"546","Oromiya","Bedessa","November",2017,40.77378712,8.902011546,10,13
"547","Oromiya","Haromaya","November",2017,42.01641123,9.379383214,10.49,NA
"548","Oromiya","Boreda","November",2017,41.278686,9.331067,10,NA
"549","Oromiya","Adaba","November",2017,39.3890878,7.004454253,9.38,12
"550","Oromiya","Robe","November",2017,39.631104,7.860619,8.93,15
"551","Oromiya","Hagere- Mariam ","November",2017,38.23373735,5.63380625,11.49,12.49
"552","Oromiya","Negele- Borena ","November",2017,39.577385,5.33699,7.5,12.49
"553","Oromiya","Adama","October",2017,39.26941988,8.535362997,12,13.49
"554","Oromiya","Shashe- Mene ","October",2017,38.608142,7.205388,9,NA
"555","Oromiya","Diksise","October",2017,39.55824,8.059179,10.19,NA
"556","Oromiya","Asella","October",2017,39.12972322,7.949589951,11,14
"557","Oromiya","Asebe- Teferi ","October",2017,40.86319806,9.072493603,10,12
"558","Oromiya","Bedessa","October",2017,40.77378712,8.902011546,10,13
"559","Oromiya","Haromaya","October",2017,42.01641123,9.379383214,12,14
"560","Oromiya","Boreda","October",2017,41.278686,9.331067,10,NA
"561","Oromiya","Adaba","October",2017,39.3890878,7.004454253,10.54,14
"562","Oromiya","Robe","October",2017,39.631104,7.860619,9.37,13
"563","Oromiya","Hagere- Mariam ","October",2017,38.23373735,5.63380625,10,11
"564","Oromiya","Negele- Borena ","October",2017,39.577385,5.33699,7.75,12
"565","Oromiya","Adama","September",2017,39.26941988,8.535362997,10,12
"566","Oromiya","Shashe- Mene ","September",2017,38.608142,7.205388,11,NA
"567","Oromiya","Diksise","September",2017,39.55824,8.059179,10,NA
"568","Oromiya","Asella","September",2017,39.12972322,7.949589951,11,12.49
"569","Oromiya","Asebe- Teferi ","September",2017,40.86319806,9.072493603,10,11.25
"570","Oromiya","Bedessa","September",2017,40.77378712,8.902011546,11,13
"571","Oromiya","Haromaya","September",2017,42.01641123,9.379383214,12,NA
"572","Oromiya","Boreda","September",2017,41.278686,9.331067,8.25,NA
"573","Oromiya","Adaba","September",2017,39.3890878,7.004454253,8.27,13
"574","Oromiya","Robe","September",2017,39.631104,7.860619,8.24,14
"575","Oromiya","Hagere- Mariam ","September",2017,38.23373735,5.63380625,11,11.7
"576","Oromiya","Negele- Borena ","September",2017,39.577385,5.33699,9,13
"577","Snnp","Welikite","April",2018,37.77266735,8.27732366,NA,NA
"578","Snnp","Butajira","April",2018,38.42140499,8.173264069,NA,NA
"579","Snnp","Hosahna","April",2018,37.84747123,7.538579317,NA,NA
"580","Snnp","Shone","April",2018,37.94869425,7.134857075,NA,NA
"581","Snnp","Doyugena","April",2018,37.78333,7.33333,NA,NA
"582","Snnp","Alaba","April",2018,38.086143,7.311546,NA,NA
"583","Snnp","Awasa","April",2018,38.474819,7.058624,NA,NA
"584","Snnp","Hagere- Selam ","April",2018,38.51921184,6.513880636,NA,NA
"585","Snnp","Dilla","April",2018,38.30745962,6.410516676,NA,NA
"586","Snnp","Yirega-¦ Chefie ","April",2018,38.1988827,6.16095383,NA,NA
"587","Snnp","Welikite","August",2017,37.77266735,8.27732366,NA,NA
"588","Snnp","Butajira","August",2017,38.42140499,8.173264069,NA,NA
"589","Snnp","Hosahna","August",2017,37.84747123,7.538579317,NA,NA
"590","Snnp","Shone","August",2017,37.94869425,7.134857075,NA,NA
"591","Snnp","Doyugena","August",2017,37.78333,7.33333,NA,NA
"592","Snnp","Alaba","August",2017,38.086143,7.311546,NA,NA
"593","Snnp","Awasa","August",2017,38.474819,7.058624,NA,NA
"594","Snnp","Hagere- Selam ","August",2017,38.51921184,6.513880636,NA,NA
"595","Snnp","Dilla","August",2017,38.30745962,6.410516676,NA,NA
"596","Snnp","Yirega-¦ Chefie ","August",2017,38.1988827,6.16095383,NA,NA
"597","Snnp","Welikite","December",2017,37.77266735,8.27732366,NA,NA
"598","Snnp","Butajira","December",2017,38.42140499,8.173264069,NA,NA
"599","Snnp","Hosahna","December",2017,37.84747123,7.538579317,NA,NA
"600","Snnp","Shone","December",2017,37.94869425,7.134857075,NA,NA
"601","Snnp","Doyugena","December",2017,37.78333,7.33333,NA,NA
"602","Snnp","Alaba","December",2017,38.086143,7.311546,NA,NA
"603","Snnp","Awasa","December",2017,38.474819,7.058624,NA,NA
"604","Snnp","Hagere- Selam ","December",2017,38.51921184,6.513880636,NA,NA
"605","Snnp","Dilla","December",2017,38.30745962,6.410516676,NA,NA
"606","Snnp","Yirega-¦ Chefie ","December",2017,38.1988827,6.16095383,NA,NA
"607","Snnp","Welikite","February",2018,37.77266735,8.27732366,NA,NA
"608","Snnp","Butajira","February",2018,38.42140499,8.173264069,NA,NA
"609","Snnp","Hosahna","February",2018,37.84747123,7.538579317,NA,NA
"610","Snnp","Shone","February",2018,37.94869425,7.134857075,NA,NA
"611","Snnp","Doyugena","February",2018,37.78333,7.33333,NA,NA
"612","Snnp","Alaba","February",2018,38.086143,7.311546,NA,NA
"613","Snnp","Awasa","February",2018,38.474819,7.058624,NA,NA
"614","Snnp","Hagere- Selam ","February",2018,38.51921184,6.513880636,NA,NA
"615","Snnp","Dilla","February",2018,38.30745962,6.410516676,NA,NA
"616","Snnp","Yirega-¦ Chefie ","February",2018,38.1988827,6.16095383,NA,NA
"617","Snnp","Welikite","January",2018,37.77266735,8.27732366,NA,NA
"618","Snnp","Butajira","January",2018,38.42140499,8.173264069,NA,NA
"619","Snnp","Hosahna","January",2018,37.84747123,7.538579317,NA,NA
"620","Snnp","Shone","January",2018,37.94869425,7.134857075,NA,NA
"621","Snnp","Doyugena","January",2018,37.78333,7.33333,NA,NA
"622","Snnp","Alaba","January",2018,38.086143,7.311546,NA,NA
"623","Snnp","Awasa","January",2018,38.474819,7.058624,NA,NA
"624","Snnp","Hagere- Selam ","January",2018,38.51921184,6.513880636,NA,NA
"625","Snnp","Dilla","January",2018,38.30745962,6.410516676,NA,NA
"626","Snnp","Yirega-¦ Chefie ","January",2018,38.1988827,6.16095383,NA,NA
"627","Snnp","Welikite","July",2017,37.77266735,8.27732366,NA,NA
"628","Snnp","Butajira","July",2017,38.42140499,8.173264069,NA,NA
"629","Snnp","Hosahna","July",2017,37.84747123,7.538579317,NA,NA
"630","Snnp","Shone","July",2017,37.94869425,7.134857075,NA,NA
"631","Snnp","Doyugena","July",2017,37.78333,7.33333,NA,NA
"632","Snnp","Alaba","July",2017,38.086143,7.311546,NA,NA
"633","Snnp","Awasa","July",2017,38.474819,7.058624,NA,NA
"634","Snnp","Hagere- Selam ","July",2017,38.51921184,6.513880636,NA,NA
"635","Snnp","Dilla","July",2017,38.30745962,6.410516676,NA,NA
"636","Snnp","Yirega-¦ Chefie ","July",2017,38.1988827,6.16095383,NA,NA
"637","Snnp","Welikite","June",2018,37.77266735,8.27732366,NA,NA
"638","Snnp","Butajira","June",2018,38.42140499,8.173264069,NA,NA
"639","Snnp","Hosahna","June",2018,37.84747123,7.538579317,NA,NA
"640","Snnp","Shone","June",2018,37.94869425,7.134857075,NA,NA
"641","Snnp","Doyugena","June",2018,37.78333,7.33333,NA,NA
"642","Snnp","Alaba","June",2018,38.086143,7.311546,NA,NA
"643","Snnp","Awasa","June",2018,38.474819,7.058624,NA,NA
"644","Snnp","Hagere- Selam ","June",2018,38.51921184,6.513880636,NA,NA
"645","Snnp","Dilla","June",2018,38.30745962,6.410516676,NA,NA
"646","Snnp","Yirega-¦ Chefie ","June",2018,38.1988827,6.16095383,NA,NA
"647","Snnp","Welikite","March",2018,37.77266735,8.27732366,NA,NA
"648","Snnp","Butajira","March",2018,38.42140499,8.173264069,NA,NA
"649","Snnp","Hosahna","March",2018,37.84747123,7.538579317,NA,NA
"650","Snnp","Shone","March",2018,37.94869425,7.134857075,NA,NA
"651","Snnp","Doyugena","March",2018,37.78333,7.33333,NA,NA
"652","Snnp","Alaba","March",2018,38.086143,7.311546,NA,NA
"653","Snnp","Awasa","March",2018,38.474819,7.058624,NA,NA
"654","Snnp","Hagere- Selam ","March",2018,38.51921184,6.513880636,NA,NA
"655","Snnp","Dilla","March",2018,38.30745962,6.410516676,NA,NA
"656","Snnp","Yirega-¦ Chefie ","March",2018,38.1988827,6.16095383,NA,NA
"657","Snnp","Welikite","May",2018,37.77266735,8.27732366,NA,NA
"658","Snnp","Butajira","May",2018,38.42140499,8.173264069,NA,NA
"659","Snnp","Hosahna","May",2018,37.84747123,7.538579317,NA,NA
"660","Snnp","Shone","May",2018,37.94869425,7.134857075,NA,NA
"661","Snnp","Doyugena","May",2018,37.78333,7.33333,NA,NA
"662","Snnp","Alaba","May",2018,38.086143,7.311546,NA,NA
"663","Snnp","Awasa","May",2018,38.474819,7.058624,NA,NA
"664","Snnp","Hagere- Selam ","May",2018,38.51921184,6.513880636,NA,NA
"665","Snnp","Dilla","May",2018,38.30745962,6.410516676,NA,NA
"666","Snnp","Yirega-¦ Chefie ","May",2018,38.1988827,6.16095383,NA,NA
"667","Snnp","Welikite","November",2017,37.77266735,8.27732366,NA,NA
"668","Snnp","Butajira","November",2017,38.42140499,8.173264069,NA,NA
"669","Snnp","Hosahna","November",2017,37.84747123,7.538579317,NA,NA
"670","Snnp","Shone","November",2017,37.94869425,7.134857075,NA,NA
"671","Snnp","Doyugena","November",2017,37.78333,7.33333,NA,NA
"672","Snnp","Alaba","November",2017,38.086143,7.311546,NA,NA
"673","Snnp","Awasa","November",2017,38.474819,7.058624,NA,NA
"674","Snnp","Hagere- Selam ","November",2017,38.51921184,6.513880636,NA,NA
"675","Snnp","Dilla","November",2017,38.30745962,6.410516676,NA,NA
"676","Snnp","Yirega-¦ Chefie ","November",2017,38.1988827,6.16095383,NA,NA
"677","Snnp","Welikite","October",2017,37.77266735,8.27732366,NA,NA
"678","Snnp","Butajira","October",2017,38.42140499,8.173264069,NA,NA
"679","Snnp","Hosahna","October",2017,37.84747123,7.538579317,NA,NA
"680","Snnp","Shone","October",2017,37.94869425,7.134857075,NA,NA
"681","Snnp","Doyugena","October",2017,37.78333,7.33333,NA,NA
"682","Snnp","Alaba","October",2017,38.086143,7.311546,NA,NA
"683","Snnp","Awasa","October",2017,38.474819,7.058624,NA,NA
"684","Snnp","Hagere- Selam ","October",2017,38.51921184,6.513880636,NA,NA
"685","Snnp","Dilla","October",2017,38.30745962,6.410516676,NA,NA
"686","Snnp","Yirega-¦ Chefie ","October",2017,38.1988827,6.16095383,NA,NA
"687","Snnp","Welikite","September",2017,37.77266735,8.27732366,NA,NA
"688","Snnp","Butajira","September",2017,38.42140499,8.173264069,NA,NA
"689","Snnp","Hosahna","September",2017,37.84747123,7.538579317,NA,NA
"690","Snnp","Shone","September",2017,37.94869425,7.134857075,NA,NA
"691","Snnp","Doyugena","September",2017,37.78333,7.33333,NA,NA
"692","Snnp","Alaba","September",2017,38.086143,7.311546,NA,NA
"693","Snnp","Awasa","September",2017,38.474819,7.058624,NA,NA
"694","Snnp","Hagere- Selam ","September",2017,38.51921184,6.513880636,NA,NA
"695","Snnp","Dilla","September",2017,38.30745962,6.410516676,NA,NA
"696","Snnp","Yirega-¦ Chefie ","September",2017,38.1988827,6.16095383,NA,NA
"697","Snnp","Welikite","April",2018,37.77266735,8.27732366,7.1,7.28
"698","Snnp","Butajira","April",2018,38.42140499,8.173264069,7,9
"699","Snnp","Hosahna","April",2018,37.84747123,7.538579317,8,9.81
"700","Snnp","Shone","April",2018,37.94869425,7.134857075,7.5,8.79
"701","Snnp","Doyugena","April",2018,37.78333,7.33333,7.3,12.27
"702","Snnp","Alaba","April",2018,38.086143,7.311546,6.5,9
"703","Snnp","Awasa","April",2018,38.474819,7.058624,9.75,12
"704","Snnp","Hagere- Selam ","April",2018,38.51921184,6.513880636,7.3,9.49
"705","Snnp","Dilla","April",2018,38.30745962,6.410516676,8.25,8.49
"706","Snnp","Yirega-¦ Chefie ","April",2018,38.1988827,6.16095383,7.75,8.49
"707","Snnp","Welikite","August",2017,37.77266735,8.27732366,9,8.18
"708","Snnp","Butajira","August",2017,38.42140499,8.173264069,9,10.5
"709","Snnp","Hosahna","August",2017,37.84747123,7.538579317,9,9.71
"710","Snnp","Shone","August",2017,37.94869425,7.134857075,8,9.51
"711","Snnp","Doyugena","August",2017,37.78333,7.33333,9.2,12.95
"712","Snnp","Alaba","August",2017,38.086143,7.311546,9.5,11
"713","Snnp","Awasa","August",2017,38.474819,7.058624,10.5,12
"714","Snnp","Hagere- Selam ","August",2017,38.51921184,6.513880636,10.15,11
"715","Snnp","Dilla","August",2017,38.30745962,6.410516676,7,10
"716","Snnp","Yirega-¦ Chefie ","August",2017,38.1988827,6.16095383,10,11
"717","Snnp","Welikite","December",2017,37.77266735,8.27732366,6.55,7.32
"718","Snnp","Butajira","December",2017,38.42140499,8.173264069,6.48,NA
"719","Snnp","Hosahna","December",2017,37.84747123,7.538579317,8,9.9
"720","Snnp","Shone","December",2017,37.94869425,7.134857075,6.4,8.5
"721","Snnp","Doyugena","December",2017,37.78333,7.33333,6.5,12.97
"722","Snnp","Alaba","December",2017,38.086143,7.311546,4.7,9
"723","Snnp","Awasa","December",2017,38.474819,7.058624,9.25,10.49
"724","Snnp","Hagere- Selam ","December",2017,38.51921184,6.513880636,7.09,9
"725","Snnp","Dilla","December",2017,38.30745962,6.410516676,9,10
"726","Snnp","Yirega-¦ Chefie ","December",2017,38.1988827,6.16095383,7,8.5
"727","Snnp","Welikite","February",2018,37.77266735,8.27732366,6.45,7.21
"728","Snnp","Butajira","February",2018,38.42140499,8.173264069,7,10
"729","Snnp","Hosahna","February",2018,37.84747123,7.538579317,8,10.99
"730","Snnp","Shone","February",2018,37.94869425,7.134857075,7,8.99
"731","Snnp","Doyugena","February",2018,37.78333,7.33333,7.5,11.65
"732","Snnp","Alaba","February",2018,38.086143,7.311546,7,9
"733","Snnp","Awasa","February",2018,38.474819,7.058624,9,12.49
"734","Snnp","Hagere- Selam ","February",2018,38.51921184,6.513880636,7.46,9
"735","Snnp","Dilla","February",2018,38.30745962,6.410516676,8,9.49
"736","Snnp","Yirega-¦ Chefie ","February",2018,38.1988827,6.16095383,8,9
"737","Snnp","Welikite","January",2018,37.77266735,8.27732366,6.6,7.1
"738","Snnp","Butajira","January",2018,38.42140499,8.173264069,7,10
"739","Snnp","Hosahna","January",2018,37.84747123,7.538579317,8,11.37
"740","Snnp","Shone","January",2018,37.94869425,7.134857075,7,NA
"741","Snnp","Doyugena","January",2018,37.78333,7.33333,7.5,9.71
"742","Snnp","Alaba","January",2018,38.086143,7.311546,6.75,9
"743","Snnp","Awasa","January",2018,38.474819,7.058624,9.5,10.49
"744","Snnp","Hagere- Selam ","January",2018,38.51921184,6.513880636,7.4,9.49
"745","Snnp","Dilla","January",2018,38.30745962,6.410516676,9,10
"746","Snnp","Yirega-¦ Chefie ","January",2018,38.1988827,6.16095383,7.48,9
"747","Snnp","Welikite","July",2017,37.77266735,8.27732366,8,8.03
"748","Snnp","Butajira","July",2017,38.42140499,8.173264069,8.5,10
"749","Snnp","Hosahna","July",2017,37.84747123,7.538579317,8.5,12.83
"750","Snnp","Shone","July",2017,37.94869425,7.134857075,8.5,9.85
"751","Snnp","Doyugena","July",2017,37.78333,7.33333,8.8,13.33
"752","Snnp","Alaba","July",2017,38.086143,7.311546,7.55,9
"753","Snnp","Awasa","July",2017,38.474819,7.058624,10,NA
"754","Snnp","Hagere- Selam ","July",2017,38.51921184,6.513880636,9.16,10
"755","Snnp","Dilla","July",2017,38.30745962,6.410516676,7,8
"756","Snnp","Yirega-¦ Chefie ","July",2017,38.1988827,6.16095383,8.75,9.75
"757","Snnp","Welikite","June",2018,37.77266735,8.27732366,7.95,14.18
"758","Snnp","Butajira","June",2018,38.42140499,8.173264069,7.75,10
"759","Snnp","Hosahna","June",2018,37.84747123,7.538579317,8.75,11.37
"760","Snnp","Shone","June",2018,37.94869425,7.134857075,8,10.99
"761","Snnp","Doyugena","June",2018,37.78333,7.33333,8.5,11.64
"762","Snnp","Alaba","June",2018,38.086143,7.311546,7.25,10
"763","Snnp","Awasa","June",2018,38.474819,7.058624,9.5,12
"764","Snnp","Hagere- Selam ","June",2018,38.51921184,6.513880636,8.45,10
"765","Snnp","Dilla","June",2018,38.30745962,6.410516676,7.75,8.49
"766","Snnp","Yirega-¦ Chefie ","June",2018,38.1988827,6.16095383,8.75,9.5
"767","Snnp","Welikite","March",2018,37.77266735,8.27732366,7,7.47
"768","Snnp","Butajira","March",2018,38.42140499,8.173264069,7,10
"769","Snnp","Hosahna","March",2018,37.84747123,7.538579317,7.5,11.37
"770","Snnp","Shone","March",2018,37.94869425,7.134857075,7.35,10.53
"771","Snnp","Doyugena","March",2018,37.78333,7.33333,7.5,11.61
"772","Snnp","Alaba","March",2018,38.086143,7.311546,8,10
"773","Snnp","Awasa","March",2018,38.474819,7.058624,9.49,12
"774","Snnp","Hagere- Selam ","March",2018,38.51921184,6.513880636,7.52,9.49
"775","Snnp","Dilla","March",2018,38.30745962,6.410516676,7.75,8
"776","Snnp","Yirega-¦ Chefie ","March",2018,38.1988827,6.16095383,8,9
"777","Snnp","Welikite","May",2018,37.77266735,8.27732366,7.55,7.18
"778","Snnp","Butajira","May",2018,38.42140499,8.173264069,8,10
"779","Snnp","Hosahna","May",2018,37.84747123,7.538579317,9,14.93
"780","Snnp","Shone","May",2018,37.94869425,7.134857075,8,11.23
"781","Snnp","Doyugena","May",2018,37.78333,7.33333,7.2,11.58
"782","Snnp","Alaba","May",2018,38.086143,7.311546,7,10
"783","Snnp","Awasa","May",2018,38.474819,7.058624,9.5,12
"784","Snnp","Hagere- Selam ","May",2018,38.51921184,6.513880636,8.57,10
"785","Snnp","Dilla","May",2018,38.30745962,6.410516676,9,10
"786","Snnp","Yirega-¦ Chefie ","May",2018,38.1988827,6.16095383,8,9.25
"787","Snnp","Welikite","November",2017,37.77266735,8.27732366,8,12.01
"788","Snnp","Butajira","November",2017,38.42140499,8.173264069,8,NA
"789","Snnp","Hosahna","November",2017,37.84747123,7.538579317,10.5,9.13
"790","Snnp","Shone","November",2017,37.94869425,7.134857075,10,11.5
"791","Snnp","Doyugena","November",2017,37.78333,7.33333,11,14.32
"792","Snnp","Alaba","November",2017,38.086143,7.311546,9,10
"793","Snnp","Awasa","November",2017,38.474819,7.058624,13,14.5
"794","Snnp","Hagere- Selam ","November",2017,38.51921184,6.513880636,8.03,10
"795","Snnp","Dilla","November",2017,38.30745962,6.410516676,10,9.49
"796","Snnp","Yirega-¦ Chefie ","November",2017,38.1988827,6.16095383,8.25,9.22
"797","Snnp","Welikite","October",2017,37.77266735,8.27732366,10,8.16
"798","Snnp","Butajira","October",2017,38.42140499,8.173264069,8.5,NA
"799","Snnp","Hosahna","October",2017,37.84747123,7.538579317,10.75,12.83
"800","Snnp","Shone","October",2017,37.94869425,7.134857075,18,11.54
"801","Snnp","Doyugena","October",2017,37.78333,7.33333,20.7,14.61
"802","Snnp","Alaba","October",2017,38.086143,7.311546,8,10
"803","Snnp","Awasa","October",2017,38.474819,7.058624,11.5,13.49
"804","Snnp","Hagere- Selam ","October",2017,38.51921184,6.513880636,8.45,10
"805","Snnp","Dilla","October",2017,38.30745962,6.410516676,9,10
"806","Snnp","Yirega-¦ Chefie ","October",2017,38.1988827,6.16095383,8.75,10.25
"807","Snnp","Welikite","September",2017,37.77266735,8.27732366,9.4,7.84
"808","Snnp","Butajira","September",2017,38.42140499,8.173264069,10.49,NA
"809","Snnp","Hosahna","September",2017,37.84747123,7.538579317,10.5,NA
"810","Snnp","Shone","September",2017,37.94869425,7.134857075,10,11.59
"811","Snnp","Doyugena","September",2017,37.78333,7.33333,11,14.76
"812","Snnp","Alaba","September",2017,38.086143,7.311546,10,12
"813","Snnp","Awasa","September",2017,38.474819,7.058624,11.75,14
"814","Snnp","Hagere- Selam ","September",2017,38.51921184,6.513880636,10.53,12
"815","Snnp","Dilla","September",2017,38.30745962,6.410516676,9,9.49
"816","Snnp","Yirega-¦ Chefie ","September",2017,38.1988827,6.16095383,10,11.25
"817","Snnp","Welayita","April",2018,NA,NA,7.5,9.9
"818","Snnp","Bodite","April",2018,37.89064905,7.038034865,8,10
"819","Snnp","Jinka","April",2018,36.56441614,5.78310286,7.9,12
"820","Snnp","Dimeka","April",2018,36.45041198,4.892522922,7.34,11.43
"821","Snnp","Masha","April",2018,35.47956686,7.741652627,9,9
"822","Snnp","Tepi","April",2018,35.36770327,7.320015599,8,10
"823","Snnp","Boniga","April",2018,36.24008346,7.388535704,8,NA
"824","Snnp","Chana","April",2018,36.11775846,6.226550231,6,11
"825","Snnp","Arbam- Minch ","April",2018,37.5527474,6.024547891,9,10.64
"826","Snnp","Sawla","April",2018,36.87437474,6.300226567,7.55,8.89
"827","Snnp","Welayita","August",2017,NA,NA,9.75,10.55
"828","Snnp","Bodite","August",2017,37.89064905,7.038034865,10.49,14.2
"829","Snnp","Jinka","August",2017,36.56441614,5.78310286,10.2,12.49
"830","Snnp","Dimeka","August",2017,36.45041198,4.892522922,10.14,11.32
"831","Snnp","Masha","August",2017,35.47956686,7.741652627,9.49,10.49
"832","Snnp","Tepi","August",2017,35.36770327,7.320015599,9,12
"833","Snnp","Boniga","August",2017,36.24008346,7.388535704,9.75,NA
"834","Snnp","Chana","August",2017,36.11775846,6.226550231,10,NA
"835","Snnp","Arbam- Minch ","August",2017,37.5527474,6.024547891,11,13.33
"836","Snnp","Sawla","August",2017,36.87437474,6.300226567,9.8,9.66
"837","Snnp","Welayita","December",2017,NA,NA,7,11.76
"838","Snnp","Bodite","December",2017,37.89064905,7.038034865,7,10.08
"839","Snnp","Jinka","December",2017,36.56441614,5.78310286,6.74,12.49
"840","Snnp","Dimeka","December",2017,36.45041198,4.892522922,6.7,11.32
"841","Snnp","Masha","December",2017,35.47956686,7.741652627,9,10
"842","Snnp","Tepi","December",2017,35.36770327,7.320015599,6,9
"843","Snnp","Boniga","December",2017,36.24008346,7.388535704,6,NA
"844","Snnp","Chana","December",2017,36.11775846,6.226550231,6,13
"845","Snnp","Arbam- Minch ","December",2017,37.5527474,6.024547891,8,NA
"846","Snnp","Sawla","December",2017,36.87437474,6.300226567,7,9.23
"847","Snnp","Welayita","February",2018,NA,NA,7.5,12.99
"848","Snnp","Bodite","February",2018,37.89064905,7.038034865,7.5,10.42
"849","Snnp","Jinka","February",2018,36.56441614,5.78310286,6.26,10.49
"850","Snnp","Dimeka","February",2018,36.45041198,4.892522922,7.36,11.32
"851","Snnp","Masha","February",2018,35.47956686,7.741652627,9,10
"852","Snnp","Tepi","February",2018,35.36770327,7.320015599,7.48,10
"853","Snnp","Boniga","February",2018,36.24008346,7.388535704,7,NA
"854","Snnp","Chana","February",2018,36.11775846,6.226550231,6,10
"855","Snnp","Arbam- Minch ","February",2018,37.5527474,6.024547891,8,10.82
"856","Snnp","Sawla","February",2018,36.87437474,6.300226567,6,9.19
"857","Snnp","Welayita","January",2018,NA,NA,7.5,12.35
"858","Snnp","Bodite","January",2018,37.89064905,7.038034865,7.5,10.08
"859","Snnp","Jinka","January",2018,36.56441614,5.78310286,6.7,NA
"860","Snnp","Dimeka","January",2018,36.45041198,4.892522922,6.68,11.32
"861","Snnp","Masha","January",2018,35.47956686,7.741652627,9,11
"862","Snnp","Tepi","January",2018,35.36770327,7.320015599,7,10
"863","Snnp","Boniga","January",2018,36.24008346,7.388535704,7,NA
"864","Snnp","Chana","January",2018,36.11775846,6.226550231,6,10
"865","Snnp","Arbam- Minch ","January",2018,37.5527474,6.024547891,8,10.96
"866","Snnp","Sawla","January",2018,36.87437474,6.300226567,6,9.69
"867","Snnp","Welayita","July",2017,NA,NA,8.75,10.78
"868","Snnp","Bodite","July",2017,37.89064905,7.038034865,9,11.73
"869","Snnp","Jinka","July",2017,36.56441614,5.78310286,8.44,11.49
"870","Snnp","Dimeka","July",2017,36.45041198,4.892522922,8.33,NA
"871","Snnp","Masha","July",2017,35.47956686,7.741652627,8,10
"872","Snnp","Tepi","July",2017,35.36770327,7.320015599,9,11
"873","Snnp","Boniga","July",2017,36.24008346,7.388535704,8,NA
"874","Snnp","Chana","July",2017,36.11775846,6.226550231,8,NA
"875","Snnp","Arbam- Minch ","July",2017,37.5527474,6.024547891,9.5,13.33
"876","Snnp","Sawla","July",2017,36.87437474,6.300226567,9,9.47
"877","Snnp","Welayita","June",2018,NA,NA,8.25,10.55
"878","Snnp","Bodite","June",2018,37.89064905,7.038034865,8,10
"879","Snnp","Jinka","June",2018,36.56441614,5.78310286,8.28,14.49
"880","Snnp","Dimeka","June",2018,36.45041198,4.892522922,9.57,15
"881","Snnp","Masha","June",2018,35.47956686,7.741652627,9,11.49
"882","Snnp","Tepi","June",2018,35.36770327,7.320015599,9,11.49
"883","Snnp","Boniga","June",2018,36.24008346,7.388535704,9,NA
"884","Snnp","Chana","June",2018,36.11775846,6.226550231,8,13
"885","Snnp","Arbam- Minch ","June",2018,37.5527474,6.024547891,9,11.14
"886","Snnp","Sawla","June",2018,36.87437474,6.300226567,8.5,9.6
"887","Snnp","Welayita","March",2018,NA,NA,7.5,8.92
"888","Snnp","Bodite","March",2018,37.89064905,7.038034865,7.5,10
"889","Snnp","Jinka","March",2018,36.56441614,5.78310286,7.08,11.49
"890","Snnp","Dimeka","March",2018,36.45041198,4.892522922,5.88,10.43
"891","Snnp","Masha","March",2018,35.47956686,7.741652627,9,10
"892","Snnp","Tepi","March",2018,35.36770327,7.320015599,7,10
"893","Snnp","Boniga","March",2018,36.24008346,7.388535704,7,NA
"894","Snnp","Chana","March",2018,36.11775846,6.226550231,6,12
"895","Snnp","Arbam- Minch ","March",2018,37.5527474,6.024547891,8,10.61
"896","Snnp","Sawla","March",2018,36.87437474,6.300226567,7.25,9.56
"897","Snnp","Welayita","May",2018,NA,NA,8,10.55
"898","Snnp","Bodite","May",2018,37.89064905,7.038034865,8,10
"899","Snnp","Jinka","May",2018,36.56441614,5.78310286,8.74,14.49
"900","Snnp","Dimeka","May",2018,36.45041198,4.892522922,8.77,11.54
"901","Snnp","Masha","May",2018,35.47956686,7.741652627,9,10
"902","Snnp","Tepi","May",2018,35.36770327,7.320015599,8,10
"903","Snnp","Boniga","May",2018,36.24008346,7.388535704,8,NA
"904","Snnp","Chana","May",2018,36.11775846,6.226550231,7,11
"905","Snnp","Arbam- Minch ","May",2018,37.5527474,6.024547891,9,10.93
"906","Snnp","Sawla","May",2018,36.87437474,6.300226567,8.15,9.09
"907","Snnp","Welayita","November",2017,NA,NA,8.25,8.64
"908","Snnp","Bodite","November",2017,37.89064905,7.038034865,10.49,12.2
"909","Snnp","Jinka","November",2017,36.56441614,5.78310286,7.58,12.49
"910","Snnp","Dimeka","November",2017,36.45041198,4.892522922,7.36,11.32
"911","Snnp","Masha","November",2017,35.47956686,7.741652627,9.49,11
"912","Snnp","Tepi","November",2017,35.36770327,7.320015599,7,9
"913","Snnp","Boniga","November",2017,36.24008346,7.388535704,7,NA
"914","Snnp","Chana","November",2017,36.11775846,6.226550231,6,NA
"915","Snnp","Arbam- Minch ","November",2017,37.5527474,6.024547891,11,14.09
"916","Snnp","Sawla","November",2017,36.87437474,6.300226567,7,9.57
"917","Snnp","Welayita","October",2017,NA,NA,10,12.35
"918","Snnp","Bodite","October",2017,37.89064905,7.038034865,10,11.19
"919","Snnp","Jinka","October",2017,36.56441614,5.78310286,7.16,13.96
"920","Snnp","Dimeka","October",2017,36.45041198,4.892522922,8.94,11.32
"921","Snnp","Masha","October",2017,35.47956686,7.741652627,9,11
"922","Snnp","Tepi","October",2017,35.36770327,7.320015599,7,10
"923","Snnp","Boniga","October",2017,36.24008346,7.388535704,8,NA
"924","Snnp","Chana","October",2017,36.11775846,6.226550231,6,NA
"925","Snnp","Arbam- Minch ","October",2017,37.5527474,6.024547891,11.5,14.38
"926","Snnp","Sawla","October",2017,36.87437474,6.300226567,7,9.39
"927","Snnp","Welayita","September",2017,NA,NA,10,12.35
"928","Snnp","Bodite","September",2017,37.89064905,7.038034865,11,14.84
"929","Snnp","Jinka","September",2017,36.56441614,5.78310286,7.18,12.49
"930","Snnp","Dimeka","September",2017,36.45041198,4.892522922,8.7,11.32
"931","Snnp","Masha","September",2017,35.47956686,7.741652627,9,11
"932","Snnp","Tepi","September",2017,35.36770327,7.320015599,8,10
"933","Snnp","Boniga","September",2017,36.24008346,7.388535704,10,NA
"934","Snnp","Chana","September",2017,36.11775846,6.226550231,6,13
"935","Snnp","Arbam- Minch ","September",2017,37.5527474,6.024547891,NA,13.89
"936","Snnp","Sawla","September",2017,36.87437474,6.300226567,8,9.52
"937","Snnp","Shewa- Bench ","April",2018,NA,NA,7,12
"938","Snnp","Mizan- Teferi ","April",2018,35.41120174,6.883477024,8,10
"939","Snnp","Deri","April",2018,36.28577951,7.384839762,7.08,NA
"940","Snnp","Amaro Kele ","April",2018,6.083333333,38.03333333,8.99,NA
"941","Snnp","Soyama","April",2018,5.7,37.88333333,6.28,NA
"942","Snnp","Karate","April",2018,5.25,37.48333333,8.12,NA
"943","Snnp","Gidola","April",2018,37.34772952,5.647078098,6.96,NA
"944","Snnp","Tercha","April",2018,37.175334,7.146295,6,NA
"945","Snnp","Besite- Chere ","April",2018,NA,NA,9,NA
"946","Snnp","Lasoka","April",2018,36.60777815,6.30774507,8.19,8.33
"947","Snnp","Amaya","April",2018,36.68000727,7.105541206,7.43,NA
"948","Snnp","Shewa- Bench ","August",2017,NA,NA,7.48,NA
"949","Snnp","Mizan- Teferi ","August",2017,35.41120174,6.883477024,10,11.49
"950","Snnp","Deri","August",2017,36.28577951,7.384839762,10,13.48
"951","Snnp","Amaro Kele ","August",2017,6.083333333,38.03333333,10.11,14
"952","Snnp","Soyama","August",2017,5.7,37.88333333,9.62,NA
"953","Snnp","Karate","August",2017,5.25,37.48333333,10.54,NA
"954","Snnp","Gidola","August",2017,37.34772952,5.647078098,9.88,NA
"955","Snnp","Tercha","August",2017,37.175334,7.146295,8,NA
"956","Snnp","Besite- Chere ","August",2017,NA,NA,9,NA
"957","Snnp","Lasoka","August",2017,36.60777815,6.30774507,5.53,10.21
"958","Snnp","Amaya","August",2017,36.68000727,7.105541206,10,NA
"959","Snnp","Shewa- Bench ","December",2017,NA,NA,5,NA
"960","Snnp","Mizan- Teferi ","December",2017,35.41120174,6.883477024,7,10
"961","Snnp","Deri","December",2017,36.28577951,7.384839762,6.19,9.58
"962","Snnp","Amaro Kele ","December",2017,6.083333333,38.03333333,7.3,12
"963","Snnp","Soyama","December",2017,5.7,37.88333333,6.48,NA
"964","Snnp","Karate","December",2017,5.25,37.48333333,8.22,NA
"965","Snnp","Gidola","December",2017,37.34772952,5.647078098,8.88,NA
"966","Snnp","Tercha","December",2017,37.175334,7.146295,5,NA
"967","Snnp","Besite- Chere ","December",2017,NA,NA,6.5,NA
"968","Snnp","Lasoka","December",2017,36.60777815,6.30774507,5.53,8.16
"969","Snnp","Amaya","December",2017,36.68000727,7.105541206,6.49,NA
"970","Snnp","Shewa- Bench ","February",2018,NA,NA,6,NA
"971","Snnp","Mizan- Teferi ","February",2018,35.41120174,6.883477024,7,10
"972","Snnp","Deri","February",2018,36.28577951,7.384839762,6.3,7.37
"973","Snnp","Amaro Kele ","February",2018,6.083333333,38.03333333,9.82,13
"974","Snnp","Soyama","February",2018,5.7,37.88333333,7.49,NA
"975","Snnp","Karate","February",2018,5.25,37.48333333,8.37,NA
"976","Snnp","Gidola","February",2018,37.34772952,5.647078098,9.39,NA
"977","Snnp","Tercha","February",2018,37.175334,7.146295,6,NA
"978","Snnp","Besite- Chere ","February",2018,NA,NA,10,12.05
"979","Snnp","Lasoka","February",2018,36.60777815,6.30774507,5.44,7.84
"980","Snnp","Amaya","February",2018,36.68000727,7.105541206,6.73,NA
"981","Snnp","Shewa- Bench ","January",2018,NA,NA,5,NA
"982","Snnp","Mizan- Teferi ","January",2018,35.41120174,6.883477024,7,9
"983","Snnp","Deri","January",2018,36.28577951,7.384839762,5.4,6.9
"984","Snnp","Amaro Kele ","January",2018,6.083333333,38.03333333,8.28,11
"985","Snnp","Soyama","January",2018,5.7,37.88333333,5.52,NA
"986","Snnp","Karate","January",2018,5.25,37.48333333,8.22,NA
"987","Snnp","Gidola","January",2018,37.34772952,5.647078098,7.3,NA
"988","Snnp","Tercha","January",2018,37.175334,7.146295,6,NA
"989","Snnp","Besite- Chere ","January",2018,NA,NA,6.5,10.32
"990","Snnp","Lasoka","January",2018,36.60777815,6.30774507,5.53,8
"991","Snnp","Amaya","January",2018,36.68000727,7.105541206,6.01,NA
"992","Snnp","Shewa- Bench ","July",2017,NA,NA,8,NA
"993","Snnp","Mizan- Teferi ","July",2017,35.41120174,6.883477024,9,10
"994","Snnp","Deri","July",2017,36.28577951,7.384839762,7.08,8.99
"995","Snnp","Amaro Kele ","July",2017,6.083333333,38.03333333,8.99,13
"996","Snnp","Soyama","July",2017,5.7,37.88333333,9.67,NA
"997","Snnp","Karate","July",2017,5.25,37.48333333,9.07,NA
"998","Snnp","Gidola","July",2017,37.34772952,5.647078098,9.37,NA
"999","Snnp","Tercha","July",2017,37.175334,7.146295,8,NA
"1000","Snnp","Besite- Chere ","July",2017,NA,NA,10,7.56
"1001","Snnp","Lasoka","July",2017,36.60777815,6.30774507,8.33,12.5
"1002","Snnp","Amaya","July",2017,36.68000727,7.105541206,8.18,NA
"1003","Snnp","Shewa- Bench ","June",2018,NA,NA,8.75,12
"1004","Snnp","Mizan- Teferi ","June",2018,35.41120174,6.883477024,9,11.49
"1005","Snnp","Deri","June",2018,36.28577951,7.384839762,7.2,NA
"1006","Snnp","Amaro Kele ","June",2018,6.083333333,38.03333333,9.44,11
"1007","Snnp","Soyama","June",2018,5.7,37.88333333,8.51,NA
"1008","Snnp","Karate","June",2018,5.25,37.48333333,8.98,NA
"1009","Snnp","Gidola","June",2018,37.34772952,5.647078098,9.12,NA
"1010","Snnp","Tercha","June",2018,37.175334,7.146295,7,NA
"1011","Snnp","Besite- Chere ","June",2018,NA,NA,9,5.79
"1012","Snnp","Lasoka","June",2018,36.60777815,6.30774507,8.33,9.81
"1013","Snnp","Amaya","June",2018,36.68000727,7.105541206,8.52,NA
"1014","Snnp","Shewa- Bench ","March",2018,NA,NA,5,12
"1015","Snnp","Mizan- Teferi ","March",2018,35.41120174,6.883477024,7,10
"1016","Snnp","Deri","March",2018,36.28577951,7.384839762,6.96,8.89
"1017","Snnp","Amaro Kele ","March",2018,6.083333333,38.03333333,8.72,10
"1018","Snnp","Soyama","March",2018,5.7,37.88333333,8.24,NA
"1019","Snnp","Karate","March",2018,5.25,37.48333333,7.84,NA
"1020","Snnp","Gidola","March",2018,37.34772952,5.647078098,9.11,NA
"1021","Snnp","Tercha","March",2018,37.175334,7.146295,6,NA
"1022","Snnp","Besite- Chere ","March",2018,NA,NA,7,NA
"1023","Snnp","Lasoka","March",2018,36.60777815,6.30774507,6.56,8.16
"1024","Snnp","Amaya","March",2018,36.68000727,7.105541206,6.78,NA
"1025","Snnp","Shewa- Bench ","May",2018,NA,NA,8,12
"1026","Snnp","Mizan- Teferi ","May",2018,35.41120174,6.883477024,9,11.49
"1027","Snnp","Deri","May",2018,36.28577951,7.384839762,7.08,9.09
"1028","Snnp","Amaro Kele ","May",2018,6.083333333,38.03333333,9.19,12
"1029","Snnp","Soyama","May",2018,5.7,37.88333333,9.42,NA
"1030","Snnp","Karate","May",2018,5.25,37.48333333,10.5,NA
"1031","Snnp","Gidola","May",2018,37.34772952,5.647078098,7.44,NA
"1032","Snnp","Tercha","May",2018,37.175334,7.146295,7,10
"1033","Snnp","Besite- Chere ","May",2018,NA,NA,9,11.17
"1034","Snnp","Lasoka","May",2018,36.60777815,6.30774507,9.66,10.64
"1035","Snnp","Amaya","May",2018,36.68000727,7.105541206,7.07,NA
"1036","Snnp","Shewa- Bench ","November",2017,NA,NA,5,NA
"1037","Snnp","Mizan- Teferi ","November",2017,35.41120174,6.883477024,7,10
"1038","Snnp","Deri","November",2017,36.28577951,7.384839762,8.85,11.23
"1039","Snnp","Amaro Kele ","November",2017,6.083333333,38.03333333,9.62,13
"1040","Snnp","Soyama","November",2017,5.7,37.88333333,7.57,NA
"1041","Snnp","Karate","November",2017,5.25,37.48333333,12.16,NA
"1042","Snnp","Gidola","November",2017,37.34772952,5.647078098,8.45,NA
"1043","Snnp","Tercha","November",2017,37.175334,7.146295,5,NA
"1044","Snnp","Besite- Chere ","November",2017,NA,NA,6.5,5.78
"1045","Snnp","Lasoka","November",2017,36.60777815,6.30774507,6.67,8.16
"1046","Snnp","Amaya","November",2017,36.68000727,7.105541206,4.7,NA
"1047","Snnp","Shewa- Bench ","October",2017,NA,NA,6,NA
"1048","Snnp","Mizan- Teferi ","October",2017,35.41120174,6.883477024,8,10
"1049","Snnp","Deri","October",2017,36.28577951,7.384839762,9.01,11.23
"1050","Snnp","Amaro Kele ","October",2017,6.083333333,38.03333333,9.71,13
"1051","Snnp","Soyama","October",2017,5.7,37.88333333,10.32,NA
"1052","Snnp","Karate","October",2017,5.25,37.48333333,12.17,NA
"1053","Snnp","Gidola","October",2017,37.34772952,5.647078098,6.91,NA
"1054","Snnp","Tercha","October",2017,37.175334,7.146295,5,NA
"1055","Snnp","Besite- Chere ","October",2017,NA,NA,7.5,NA
"1056","Snnp","Lasoka","October",2017,36.60777815,6.30774507,5.53,8.16
"1057","Snnp","Amaya","October",2017,36.68000727,7.105541206,4.85,NA
"1058","Snnp","Shewa- Bench ","September",2017,NA,NA,6,NA
"1059","Snnp","Mizan- Teferi ","September",2017,35.41120174,6.883477024,7.48,10
"1060","Snnp","Deri","September",2017,36.28577951,7.384839762,9.91,13.79
"1061","Snnp","Amaro Kele ","September",2017,6.083333333,38.03333333,9.89,13
"1062","Snnp","Soyama","September",2017,5.7,37.88333333,9.73,NA
"1063","Snnp","Karate","September",2017,5.25,37.48333333,10.06,NA
"1064","Snnp","Gidola","September",2017,37.34772952,5.647078098,9.93,NA
"1065","Snnp","Tercha","September",2017,37.175334,7.146295,5,NA
"1066","Snnp","Besite- Chere ","September",2017,NA,NA,10,NA
"1067","Snnp","Lasoka","September",2017,36.60777815,6.30774507,5.53,8.16
"1068","Snnp","Amaya","September",2017,36.68000727,7.105541206,9.4,NA
"1069","Somalie","Shinile","April",2018,41.844013,9.686515,11,NA
"1070","Somalie","Erere","April",2018,NA,NA,10,10.95
"1071","Somalie","Jigjiga","April",2018,42.792342,9.367259,12.65,18
"1072","Somalie","Kebribeya","April",2018,NA,NA,13,NA
"1073","Somalie","Dolo","April",2018,42.059257,4.179211,14.6,15.95
"1074","Somalie","Moyale","April",2018,3.527,39.056,12,14
"1075","Benishangul-Gumuz","Mambook","April",2018,NA,NA,7.5,NA
"1076","Benishangul-Gumuz","Mender- Sebat ","April",2018,NA,NA,7,NA
"1077","Benishangul-Gumuz","Asossa","April",2018,34.53730603,10.05784932,6.75,10
"1078","Benishangul-Gumuz","Bambasi","April",2018,34.73046863,9.751504664,4.94,NA
"1079","Benishangul-Gumuz","Kemashi","April",2018,35.85916991,9.515450626,6.69,NA
"1080","Benishangul-Gumuz","Agelo- Meti ","April",2018,35.77048443,9.640776618,7.98,NA
"1081","Benishangul-Gumuz","Avera","April",2018,NA,NA,6.74,10
"1082","Somalie","Shinile","August",2017,41.844013,9.686515,8,NA
"1083","Somalie","Erere","August",2017,NA,NA,7,9
"1084","Somalie","Jigjiga","August",2017,42.792342,9.367259,9.31,16
"1085","Somalie","Kebribeya","August",2017,NA,NA,9.49,NA
"1086","Somalie","Dolo","August",2017,42.059257,4.179211,11.43,14.35
"1087","Somalie","Moyale","August",2017,3.527,39.056,10,12
"1088","Benishangul-Gumuz","Mambook","August",2017,NA,NA,8,NA
"1089","Benishangul-Gumuz","Mender- Sebat ","August",2017,NA,NA,7.75,NA
"1090","Benishangul-Gumuz","Asossa","August",2017,34.53730603,10.05784932,10,NA
"1091","Benishangul-Gumuz","Bambasi","August",2017,34.73046863,9.751504664,8.78,NA
"1092","Benishangul-Gumuz","Kemashi","August",2017,35.85916991,9.515450626,6.56,NA
"1093","Benishangul-Gumuz","Agelo- Meti ","August",2017,35.77048443,9.640776618,8.74,NA
"1094","Benishangul-Gumuz","Avera","August",2017,NA,NA,8.24,NA
"1095","Somalie","Shinile","December",2017,41.844013,9.686515,9,NA
"1096","Somalie","Erere","December",2017,NA,NA,8,12.49
"1097","Somalie","Jigjiga","December",2017,42.792342,9.367259,13.75,17.49
"1098","Somalie","Kebribeya","December",2017,NA,NA,7.85,NA
"1099","Somalie","Dolo","December",2017,42.059257,4.179211,12.14,14.55
"1100","Somalie","Moyale","December",2017,3.527,39.056,12,14.49
"1101","Benishangul-Gumuz","Mambook","December",2017,NA,NA,5,NA
"1102","Benishangul-Gumuz","Mender- Sebat ","December",2017,NA,NA,6,NA
"1103","Benishangul-Gumuz","Asossa","December",2017,34.53730603,10.05784932,7.48,10
"1104","Benishangul-Gumuz","Bambasi","December",2017,34.73046863,9.751504664,4.63,NA
"1105","Benishangul-Gumuz","Kemashi","December",2017,35.85916991,9.515450626,4.96,NA
"1106","Benishangul-Gumuz","Agelo- Meti ","December",2017,35.77048443,9.640776618,5.2,NA
"1107","Benishangul-Gumuz","Avera","December",2017,NA,NA,5.47,10
"1108","Somalie","Shinile","February",2018,41.844013,9.686515,11,NA
"1109","Somalie","Erere","February",2018,NA,NA,8,11
"1110","Somalie","Jigjiga","February",2018,42.792342,9.367259,10.78,16.97
"1111","Somalie","Kebribeya","February",2018,NA,NA,9.24,NA
"1112","Somalie","Dolo","February",2018,42.059257,4.179211,NA,16.14
"1113","Somalie","Moyale","February",2018,3.527,39.056,10.95,12.96
"1114","Benishangul-Gumuz","Mambook","February",2018,NA,NA,5.7,NA
"1115","Benishangul-Gumuz","Mender- Sebat ","February",2018,NA,NA,6.24,NA
"1116","Benishangul-Gumuz","Asossa","February",2018,34.53730603,10.05784932,7,10
"1117","Benishangul-Gumuz","Bambasi","February",2018,34.73046863,9.751504664,5.96,NA
"1118","Benishangul-Gumuz","Kemashi","February",2018,35.85916991,9.515450626,5.85,NA
"1119","Benishangul-Gumuz","Agelo- Meti ","February",2018,35.77048443,9.640776618,6.85,NA
"1120","Benishangul-Gumuz","Avera","February",2018,NA,NA,6.25,10
"1121","Somalie","Shinile","January",2018,41.844013,9.686515,NA,NA
"1122","Somalie","Erere","January",2018,NA,NA,10,NA
"1123","Somalie","Jigjiga","January",2018,42.792342,9.367259,13.71,17.49
"1124","Somalie","Kebribeya","January",2018,NA,NA,8.38,12
"1125","Somalie","Dolo","January",2018,42.059257,4.179211,12.32,14.32
"1126","Somalie","Moyale","January",2018,3.527,39.056,12,14
"1127","Benishangul-Gumuz","Mambook","January",2018,NA,NA,6,NA
"1128","Benishangul-Gumuz","Mender- Sebat ","January",2018,NA,NA,6,NA
"1129","Benishangul-Gumuz","Asossa","January",2018,34.53730603,10.05784932,7,10
"1130","Benishangul-Gumuz","Bambasi","January",2018,34.73046863,9.751504664,4.9,NA
"1131","Benishangul-Gumuz","Kemashi","January",2018,35.85916991,9.515450626,4.9,NA
"1132","Benishangul-Gumuz","Agelo- Meti ","January",2018,35.77048443,9.640776618,6.32,NA
"1133","Benishangul-Gumuz","Avera","January",2018,NA,NA,5.8,10
"1134","Somalie","Shinile","July",2017,41.844013,9.686515,6,NA
"1135","Somalie","Erere","July",2017,NA,NA,8,9
"1136","Somalie","Jigjiga","July",2017,42.792342,9.367259,10.97,16.49
"1137","Somalie","Kebribeya","July",2017,NA,NA,12.03,NA
"1138","Somalie","Dolo","July",2017,42.059257,4.179211,11.43,13.62
"1139","Somalie","Moyale","July",2017,3.527,39.056,10.95,12
"1140","Benishangul-Gumuz","Mambook","July",2017,NA,NA,6,NA
"1141","Benishangul-Gumuz","Mender- Sebat ","July",2017,NA,NA,4,NA
"1142","Benishangul-Gumuz","Asossa","July",2017,34.53730603,10.05784932,7,8
"1143","Benishangul-Gumuz","Bambasi","July",2017,34.73046863,9.751504664,5.84,NA
"1144","Benishangul-Gumuz","Kemashi","July",2017,35.85916991,9.515450626,5.78,NA
"1145","Benishangul-Gumuz","Agelo- Meti ","July",2017,35.77048443,9.640776618,6.23,NA
"1146","Benishangul-Gumuz","Avera","July",2017,NA,NA,5.73,8
"1147","Somalie","Shinile","June",2018,41.844013,9.686515,NA,NA
"1148","Somalie","Erere","June",2018,NA,NA,10,11
"1149","Somalie","Jigjiga","June",2018,42.792342,9.367259,12.6,NA
"1150","Somalie","Kebribeya","June",2018,NA,NA,NA,NA
"1151","Somalie","Dolo","June",2018,42.059257,4.179211,13.98,NA
"1152","Somalie","Moyale","June",2018,3.527,39.056,10.95,14
"1153","Benishangul-Gumuz","Mambook","June",2018,NA,NA,6.35,NA
"1154","Benishangul-Gumuz","Mender- Sebat ","June",2018,NA,NA,7,NA
"1155","Benishangul-Gumuz","Asossa","June",2018,34.53730603,10.05784932,7,10
"1156","Benishangul-Gumuz","Bambasi","June",2018,34.73046863,9.751504664,5.29,NA
"1157","Benishangul-Gumuz","Kemashi","June",2018,35.85916991,9.515450626,6.61,NA
"1158","Benishangul-Gumuz","Agelo- Meti ","June",2018,35.77048443,9.640776618,7.09,NA
"1159","Benishangul-Gumuz","Avera","June",2018,NA,NA,6.52,10
"1160","Somalie","Shinile","March",2018,41.844013,9.686515,12,NA
"1161","Somalie","Erere","March",2018,NA,NA,NA,11.49
"1162","Somalie","Jigjiga","March",2018,42.792342,9.367259,12.65,17.49
"1163","Somalie","Kebribeya","March",2018,NA,NA,12.64,12
"1164","Somalie","Dolo","March",2018,42.059257,4.179211,12.68,15.87
"1165","Somalie","Moyale","March",2018,3.527,39.056,10.95,12.96
"1166","Benishangul-Gumuz","Mambook","March",2018,NA,NA,7,NA
"1167","Benishangul-Gumuz","Mender- Sebat ","March",2018,NA,NA,7,NA
"1168","Benishangul-Gumuz","Asossa","March",2018,34.53730603,10.05784932,7,10
"1169","Benishangul-Gumuz","Bambasi","March",2018,34.73046863,9.751504664,5.15,NA
"1170","Benishangul-Gumuz","Kemashi","March",2018,35.85916991,9.515450626,6.78,NA
"1171","Benishangul-Gumuz","Agelo- Meti ","March",2018,35.77048443,9.640776618,7.13,NA
"1172","Benishangul-Gumuz","Avera","March",2018,NA,NA,6.64,10
"1173","Somalie","Shinile","May",2018,41.844013,9.686515,10,NA
"1174","Somalie","Erere","May",2018,NA,NA,10,12
"1175","Somalie","Jigjiga","May",2018,42.792342,9.367259,11.46,16
"1176","Somalie","Kebribeya","May",2018,NA,NA,11.65,15
"1177","Somalie","Dolo","May",2018,42.059257,4.179211,11.89,14.4
"1178","Somalie","Moyale","May",2018,3.527,39.056,12,14.49
"1179","Benishangul-Gumuz","Mambook","May",2018,NA,NA,6.6,NA
"1180","Benishangul-Gumuz","Mender- Sebat ","May",2018,NA,NA,6.5,NA
"1181","Benishangul-Gumuz","Asossa","May",2018,34.53730603,10.05784932,7,10
"1182","Benishangul-Gumuz","Bambasi","May",2018,34.73046863,9.751504664,4.66,NA
"1183","Benishangul-Gumuz","Kemashi","May",2018,35.85916991,9.515450626,6.58,NA
"1184","Benishangul-Gumuz","Agelo- Meti ","May",2018,35.77048443,9.640776618,8,NA
"1185","Benishangul-Gumuz","Avera","May",2018,NA,NA,6.47,10
"1186","Somalie","Shinile","November",2017,41.844013,9.686515,8,NA
"1187","Somalie","Erere","November",2017,NA,NA,8,12
"1188","Somalie","Jigjiga","November",2017,42.792342,9.367259,14.16,17.49
"1189","Somalie","Kebribeya","November",2017,NA,NA,10.46,12
"1190","Somalie","Dolo","November",2017,42.059257,4.179211,11.89,14.49
"1191","Somalie","Moyale","November",2017,3.527,39.056,12.49,14.49
"1192","Benishangul-Gumuz","Mambook","November",2017,NA,NA,7.6,NA
"1193","Benishangul-Gumuz","Mender- Sebat ","November",2017,NA,NA,6.5,NA
"1194","Benishangul-Gumuz","Asossa","November",2017,34.53730603,10.05784932,9.25,12
"1195","Benishangul-Gumuz","Bambasi","November",2017,34.73046863,9.751504664,6.65,NA
"1196","Benishangul-Gumuz","Kemashi","November",2017,35.85916991,9.515450626,8.33,NA
"1197","Benishangul-Gumuz","Agelo- Meti ","November",2017,35.77048443,9.640776618,8.76,NA
"1198","Benishangul-Gumuz","Avera","November",2017,NA,NA,7.78,12
"1199","Somalie","Shinile","October",2017,41.844013,9.686515,NA,NA
"1200","Somalie","Erere","October",2017,NA,NA,8.57,13
"1201","Somalie","Jigjiga","October",2017,42.792342,9.367259,14.31,18
"1202","Somalie","Kebribeya","October",2017,NA,NA,8.13,NA
"1203","Somalie","Dolo","October",2017,42.059257,4.179211,12.59,16.14
"1204","Somalie","Moyale","October",2017,3.527,39.056,12.49,14.49
"1205","Benishangul-Gumuz","Mambook","October",2017,NA,NA,7.81,NA
"1206","Benishangul-Gumuz","Mender- Sebat ","October",2017,NA,NA,5,NA
"1207","Benishangul-Gumuz","Asossa","October",2017,34.53730603,10.05784932,10,12
"1208","Benishangul-Gumuz","Bambasi","October",2017,34.73046863,9.751504664,7.56,NA
"1209","Benishangul-Gumuz","Kemashi","October",2017,35.85916991,9.515450626,8.4,NA
"1210","Benishangul-Gumuz","Agelo- Meti ","October",2017,35.77048443,9.640776618,4.61,NA
"1211","Benishangul-Gumuz","Avera","October",2017,NA,NA,6.97,12
"1212","Somalie","Shinile","September",2017,41.844013,9.686515,8,NA
"1213","Somalie","Erere","September",2017,NA,NA,8.57,13.49
"1214","Somalie","Jigjiga","September",2017,42.792342,9.367259,9.67,15
"1215","Somalie","Kebribeya","September",2017,NA,NA,9.63,NA
"1216","Somalie","Dolo","September",2017,42.059257,4.179211,13.05,14.32
"1217","Somalie","Moyale","September",2017,3.527,39.056,12,13.96
"1218","Benishangul-Gumuz","Mambook","September",2017,NA,NA,8.16,NA
"1219","Benishangul-Gumuz","Mender- Sebat ","September",2017,NA,NA,8,NA
"1220","Benishangul-Gumuz","Asossa","September",2017,34.53730603,10.05784932,10,11
"1221","Benishangul-Gumuz","Bambasi","September",2017,34.73046863,9.751504664,8.14,NA
"1222","Benishangul-Gumuz","Kemashi","September",2017,35.85916991,9.515450626,8.4,NA
"1223","Benishangul-Gumuz","Agelo- Meti ","September",2017,35.77048443,9.640776618,7.88,NA
"1224","Benishangul-Gumuz","Avera","September",2017,NA,NA,8.4,11
"1225","Tigray","Enda- Silase ","April",2018,38.27211005,14.08944251,7.7,14.49
"1226","Tigray","Enda- Baguna ","April",2018,38.19317204,13.97860867,5.44,NA
"1227","Tigray","Adwa","April",2018,38.88818805,14.14845458,8.5,NA
"1228","Tigray","Axum","April",2018,38.71879888,14.11130791,8.2,NA
"1229","Tigray","Adigrat","April",2018,39.46033457,14.26667752,8,NA
"1230","Tigray","Wukiro","April",2018,39.599747,13.796083,7.5,12.6
"1231","Tigray","Mai- Chew ","April",2018,39.541533,12.78792086,9.44,11.43
"1232","Tigray","Mekelle","April",2018,39.47221911,13.48719005,8,NA
"1233","Afar","Ayisaeta","April",2018,41.43333,11.56667,6,11
"1234","Afar","Semera Logia ","April",2018,NA,NA,8,NA
"1235","Afar","Melka Werers ","April",2018,40.18154914,9.340880502,8,9
"1236","Afar","Sebat Killo ","April",2018,8.983333333,40.16666667,8,NA
"1237","Tigray","Enda- Silase ","August",2017,38.27211005,14.08944251,8.49,NA
"1238","Tigray","Enda- Baguna ","August",2017,38.19317204,13.97860867,7.08,NA
"1239","Tigray","Adwa","August",2017,38.88818805,14.14845458,10,NA
"1240","Tigray","Axum","August",2017,38.71879888,14.11130791,8.78,NA
"1241","Tigray","Adigrat","August",2017,39.46033457,14.26667752,9.5,NA
"1242","Tigray","Wukiro","August",2017,39.599747,13.796083,8.65,11.2
"1243","Tigray","Mai- Chew ","August",2017,39.541533,12.78792086,8.97,10.89
"1244","Tigray","Mekelle","August",2017,39.47221911,13.48719005,8.5,NA
"1245","Afar","Ayisaeta","August",2017,41.43333,11.56667,8,11
"1246","Afar","Dubti","August",2017,41.08260323,11.72765333,7,8
"1247","Afar","Melka Werers ","August",2017,40.18154914,9.340880502,10.49,12
"1248","Afar","Sebat Killo ","August",2017,8.983333333,40.16666667,8,NA
"1249","Tigray","Enda- Silase ","December",2017,38.27211005,14.08944251,7.49,NA
"1250","Tigray","Enda- Baguna ","December",2017,38.19317204,13.97860867,5.75,NA
"1251","Tigray","Adwa","December",2017,38.88818805,14.14845458,9.5,NA
"1252","Tigray","Axum","December",2017,38.71879888,14.11130791,8.26,NA
"1253","Tigray","Adigrat","December",2017,39.46033457,14.26667752,8.94,NA
"1254","Tigray","Wukiro","December",2017,39.599747,13.796083,7.25,13
"1255","Tigray","Mai- Chew ","December",2017,39.541533,12.78792086,9.56,11.07
"1256","Tigray","Mekelle","December",2017,39.47221911,13.48719005,7,NA
"1257","Afar","Ayisaeta","December",2017,41.43333,11.56667,8,11.49
"1258","Afar","Semera Logia ","December",2017,NA,NA,10,11.49
"1259","Afar","Melka Werers ","December",2017,40.18154914,9.340880502,10,11.49
"1260","Afar","Sebat Killo ","December",2017,8.983333333,40.16666667,7.48,NA
"1261","Tigray","Enda- Silase ","February",2018,38.27211005,14.08944251,7.81,NA
"1262","Tigray","Enda- Baguna ","February",2018,38.19317204,13.97860867,6.18,NA
"1263","Tigray","Adwa","February",2018,38.88818805,14.14845458,8.5,NA
"1264","Tigray","Axum","February",2018,38.71879888,14.11130791,8.15,NA
"1265","Tigray","Adigrat","February",2018,39.46033457,14.26667752,8.25,NA
"1266","Tigray","Wukiro","February",2018,39.599747,13.796083,7.5,12.6
"1267","Tigray","Mai- Chew ","February",2018,39.541533,12.78792086,8.97,10.06
"1268","Tigray","Mekelle","February",2018,39.47221911,13.48719005,8,NA
"1269","Afar","Ayisaeta","February",2018,41.43333,11.56667,7.48,11
"1270","Afar","Semera Logia ","February",2018,NA,NA,8,NA
"1271","Afar","Melka Werers ","February",2018,40.18154914,9.340880502,10,11
"1272","Afar","Sebat Killo ","February",2018,8.983333333,40.16666667,10,NA
"1273","Tigray","Enda- Silase ","January",2018,38.27211005,14.08944251,7.64,NA
"1274","Tigray","Enda- Baguna ","January",2018,38.19317204,13.97860867,5.54,NA
"1275","Tigray","Adwa","January",2018,38.88818805,14.14845458,8.5,NA
"1276","Tigray","Axum","January",2018,38.71879888,14.11130791,8.26,NA
"1277","Tigray","Adigrat","January",2018,39.46033457,14.26667752,8,NA
"1278","Tigray","Wukiro","January",2018,39.599747,13.796083,7.5,12.6
"1279","Tigray","Mai- Chew ","January",2018,39.541533,12.78792086,9.27,NA
"1280","Tigray","Mekelle","January",2018,39.47221911,13.48719005,7,NA
"1281","Afar","Ayisaeta","January",2018,41.43333,11.56667,8,11
"1282","Afar","Semera Logia ","January",2018,NA,NA,10,11
"1283","Afar","Melka Werers ","January",2018,40.18154914,9.340880502,10,11.25
"1284","Afar","Sebat Killo ","January",2018,8.983333333,40.16666667,8.49,NA
"1285","Tigray","Enda- Silase ","July",2017,38.27211005,14.08944251,7.53,12
"1286","Tigray","Enda- Baguna ","July",2017,38.19317204,13.97860867,7.2,NA
"1287","Tigray","Adwa","July",2017,38.88818805,14.14845458,6.5,NA
"1288","Tigray","Axum","July",2017,38.71879888,14.11130791,8.2,NA
"1289","Tigray","Adigrat","July",2017,39.46033457,14.26667752,7.75,NA
"1290","Tigray","Wukiro","July",2017,39.599747,13.796083,8.5,11.02
"1291","Tigray","Mai- Chew ","July",2017,39.541533,12.78792086,8.02,9.08
"1292","Tigray","Mekelle","July",2017,39.47221911,13.48719005,8,NA
"1293","Afar","Ayisaeta","July",2017,41.43333,11.56667,5.24,NA
"1294","Afar","Dubti","July",2017,41.08260323,11.72765333,6,8
"1295","Afar","Melka Werers ","July",2017,40.18154914,9.340880502,8.75,9.75
"1296","Afar","Sebat Killo ","July",2017,8.983333333,40.16666667,8,NA
"1297","Tigray","Enda- Silase ","June",2018,38.27211005,14.08944251,7.67,NA
"1298","Tigray","Enda- Baguna ","June",2018,38.19317204,13.97860867,7.86,NA
"1299","Tigray","Adwa","June",2018,38.88818805,14.14845458,8.5,NA
"1300","Tigray","Axum","June",2018,38.71879888,14.11130791,8.1,NA
"1301","Tigray","Adigrat","June",2018,39.46033457,14.26667752,8.25,NA
"1302","Tigray","Wukiro","June",2018,39.599747,13.796083,8,12.4
"1303","Tigray","Mai- Chew ","June",2018,39.541533,12.78792086,9.52,13.23
"1304","Tigray","Mekelle","June",2018,39.47221911,13.48719005,8.75,NA
"1305","Afar","Ayisaeta","June",2018,41.43333,11.56667,6,11.49
"1306","Afar","Semera Logia ","June",2018,NA,NA,8,NA
"1307","Afar","Melka Werers ","June",2018,40.18154914,9.340880502,9.49,10.49
"1308","Afar","Sebat Killo ","June",2018,8.983333333,40.16666667,8,NA
"1309","Tigray","Enda- Silase ","March",2018,38.27211005,14.08944251,7.79,NA
"1310","Tigray","Enda- Baguna ","March",2018,38.19317204,13.97860867,8.57,NA
"1311","Tigray","Adwa","March",2018,38.88818805,14.14845458,7.55,NA
"1312","Tigray","Axum","March",2018,38.71879888,14.11130791,NA,NA
"1313","Tigray","Adigrat","March",2018,39.46033457,14.26667752,8,NA
"1314","Tigray","Wukiro","March",2018,39.599747,13.796083,8,12.8
"1315","Tigray","Mai- Chew ","March",2018,39.541533,12.78792086,9.76,10.7
"1316","Tigray","Mekelle","March",2018,39.47221911,13.48719005,8,NA
"1317","Afar","Ayisaeta","March",2018,41.43333,11.56667,8.49,11
"1318","Afar","Semera Logia ","March",2018,NA,NA,10,NA
"1319","Afar","Melka Werers ","March",2018,40.18154914,9.340880502,8,10.49
"1320","Afar","Sebat Killo ","March",2018,8.983333333,40.16666667,9.25,NA
"1321","Tigray","Enda- Silase ","May",2018,38.27211005,14.08944251,7.97,NA
"1322","Tigray","Enda- Baguna ","May",2018,38.19317204,13.97860867,8.27,NA
"1323","Tigray","Adwa","May",2018,38.88818805,14.14845458,8.5,NA
"1324","Tigray","Axum","May",2018,38.71879888,14.11130791,NA,NA
"1325","Tigray","Adigrat","May",2018,39.46033457,14.26667752,7.65,NA
"1326","Tigray","Wukiro","May",2018,39.599747,13.796083,7.9,12.8
"1327","Tigray","Mai- Chew ","May",2018,39.541533,12.78792086,10.95,13.28
"1328","Tigray","Mekelle","May",2018,39.47221911,13.48719005,8.25,NA
"1329","Afar","Ayisaeta","May",2018,41.43333,11.56667,6,10.49
"1330","Afar","Semera Logia ","May",2018,NA,NA,8,NA
"1331","Afar","Melka Werers ","May",2018,40.18154914,9.340880502,9.49,11.49
"1332","Afar","Sebat Killo ","May",2018,8.983333333,40.16666667,8,NA
"1333","Tigray","Enda- Silase ","November",2017,38.27211005,14.08944251,7.91,NA
"1334","Tigray","Enda- Baguna ","November",2017,38.19317204,13.97860867,8.03,NA
"1335","Tigray","Adwa","November",2017,38.88818805,14.14845458,9.5,NA
"1336","Tigray","Axum","November",2017,38.71879888,14.11130791,8.26,NA
"1337","Tigray","Adigrat","November",2017,39.46033457,14.26667752,10,NA
"1338","Tigray","Wukiro","November",2017,39.599747,13.796083,10,12.6
"1339","Tigray","Mai- Chew ","November",2017,39.541533,12.78792086,10.85,10.73
"1340","Tigray","Mekelle","November",2017,39.47221911,13.48719005,9.5,NA
"1341","Afar","Ayisaeta","November",2017,41.43333,11.56667,8,11.49
"1342","Afar","Semera Logia ","November",2017,NA,NA,8,10
"1343","Afar","Melka Werers ","November",2017,40.18154914,9.340880502,9.75,11.49
"1344","Afar","Sebat Killo ","November",2017,8.983333333,40.16666667,9,NA
"1345","Tigray","Enda- Silase ","October",2017,38.27211005,14.08944251,8.17,12
"1346","Tigray","Enda- Baguna ","October",2017,38.19317204,13.97860867,6.95,NA
"1347","Tigray","Adwa","October",2017,38.88818805,14.14845458,9,NA
"1348","Tigray","Axum","October",2017,38.71879888,14.11130791,6.88,NA
"1349","Tigray","Adigrat","October",2017,39.46033457,14.26667752,10,NA
"1350","Tigray","Wukiro","October",2017,39.599747,13.796083,9.75,12.6
"1351","Tigray","Mai- Chew ","October",2017,39.541533,12.78792086,10.83,11.05
"1352","Tigray","Mekelle","October",2017,39.47221911,13.48719005,9.75,NA
"1353","Afar","Ayisaeta","October",2017,41.43333,11.56667,8.49,11
"1354","Afar","Semera Logia ","October",2017,NA,NA,NA,NA
"1355","Afar","Melka Werers ","October",2017,40.18154914,9.340880502,10,11.49
"1356","Afar","Sebat Killo ","October",2017,8.983333333,40.16666667,10,NA
"1357","Tigray","Enda- Silase ","September",2017,38.27211005,14.08944251,8.4,NA
"1358","Tigray","Enda- Baguna ","September",2017,38.19317204,13.97860867,8.42,NA
"1359","Tigray","Adwa","September",2017,38.88818805,14.14845458,10.25,NA
"1360","Tigray","Axum","September",2017,38.71879888,14.11130791,8.15,NA
"1361","Tigray","Adigrat","September",2017,39.46033457,14.26667752,10,NA
"1362","Tigray","Wukiro","September",2017,39.599747,13.796083,10,12.8
"1363","Tigray","Mai- Chew ","September",2017,39.541533,12.78792086,10.82,10.82
"1364","Tigray","Mekelle","September",2017,39.47221911,13.48719005,9,NA
"1365","Afar","Ayisaeta","September",2017,41.43333,11.56667,7.48,11
"1366","Afar","Semera Logia ","September",2017,NA,NA,NA,NA
"1367","Afar","Melka Werers ","September",2017,40.18154914,9.340880502,10.49,12
"1368","Afar","Sebat Killo ","September",2017,8.983333333,40.16666667,9.75,NA
